,vix,gbpusd
2016-01-01,,
2016-01-04,20.7,1.4686
2016-01-05,19.34,1.4664
2016-01-06,20.59,1.4626
2016-01-07,24.99,1.4579
2016-01-08,27.01,1.4523
2016-01-11,24.3,1.4564
2016-01-12,22.47,1.4403
2016-01-13,25.22,1.447
2016-01-14,23.95,1.4409
2016-01-15,27.02,1.4289
2016-01-18,,
2016-01-19,26.05,1.4171
2016-01-20,27.59,1.4167
2016-01-21,26.69,1.4198
2016-01-22,22.34,1.4308
2016-01-25,24.15,1.4245
2016-01-26,22.5,1.4342
2016-01-27,23.11,1.4261
2016-01-28,22.42,1.4351
2016-01-29,20.2,1.4184
2016-02-01,19.98,1.4367
2016-02-02,21.98,1.4399
2016-02-03,21.65,1.4576
2016-02-04,21.84,1.458
2016-02-05,23.38,1.4468
2016-02-08,26.0,1.4415
2016-02-09,26.54,1.4473
2016-02-10,26.29,1.4473
2016-02-11,28.14,1.4448
2016-02-12,25.4,1.446
2016-02-15,,
2016-02-16,24.11,1.429
2016-02-17,22.31,1.4317
2016-02-18,21.64,1.4333
2016-02-19,20.53,1.4343
2016-02-22,19.38,1.4157
2016-02-23,20.98,1.404
2016-02-24,20.72,1.3932
2016-02-25,19.11,1.3937
2016-02-26,19.81,1.3867
2016-02-29,20.55,1.3926
2016-03-01,17.7,1.3948
2016-03-02,17.09,1.4059
2016-03-03,16.7,1.4152
2016-03-04,16.86,1.4226
2016-03-07,17.35,1.4256
2016-03-08,18.67,1.4225
2016-03-09,18.34,1.4236
2016-03-10,18.05,1.4306
2016-03-11,16.5,1.4426
2016-03-14,16.92,1.4324
2016-03-15,16.84,1.4166
2016-03-16,14.99,1.41
2016-03-17,14.44,1.449
2016-03-18,14.02,1.4514
2016-03-21,13.79,1.4402
2016-03-22,14.17,1.4217
2016-03-23,14.94,1.4111
2016-03-24,14.74,1.4143
2016-03-25,,1.4131
2016-03-28,15.24,1.425
2016-03-29,13.82,1.4281
2016-03-30,13.56,1.439
2016-03-31,13.95,1.4381
2016-04-01,13.1,1.4204
2016-04-04,14.12,1.4279
2016-04-05,15.42,1.4149
2016-04-06,14.09,1.4162
2016-04-07,16.16,1.4082
2016-04-08,15.36,1.4105
2016-04-11,16.26,1.424
2016-04-12,14.85,1.4244
2016-04-13,13.84,1.4223
2016-04-14,13.72,1.4148
2016-04-15,13.62,1.4217
2016-04-18,13.35,1.4276
2016-04-19,13.24,1.4396
2016-04-20,13.28,1.4375
2016-04-21,13.95,1.4338
2016-04-22,13.22,1.439
2016-04-25,14.08,1.4492
2016-04-26,13.96,1.4611
2016-04-27,13.77,1.4554
2016-04-28,15.22,1.4581
2016-04-29,15.7,1.4625
2016-05-02,14.68,1.4666
2016-05-03,15.6,1.4543
2016-05-04,16.05,1.4475
2016-05-05,15.91,1.4486
2016-05-06,14.72,1.4439
2016-05-09,14.57,1.4409
2016-05-10,13.63,1.4454
2016-05-11,14.69,1.448
2016-05-12,14.41,1.4452
2016-05-13,15.04,1.4369
2016-05-16,14.68,1.4411
2016-05-17,15.57,1.4485
2016-05-18,15.95,1.4615
2016-05-19,16.33,1.4608
2016-05-20,15.2,1.4513
2016-05-23,15.82,1.4444
2016-05-24,14.42,1.4623
2016-05-25,13.9,1.4694
2016-05-26,13.43,1.4673
2016-05-27,13.12,1.4644
2016-05-30,,
2016-05-31,14.19,1.453
2016-06-01,14.2,1.4395
2016-06-02,13.63,1.4419
2016-06-03,13.47,1.4521
2016-06-06,13.65,1.445
2016-06-07,14.05,1.4564
2016-06-08,14.08,1.4546
2016-06-09,14.64,1.4467
2016-06-10,17.03,1.4342
2016-06-13,20.97,1.4223
2016-06-14,20.5,1.413
2016-06-15,20.14,1.4185
2016-06-16,19.37,1.4075
2016-06-17,19.41,1.4285
2016-06-20,18.37,1.4688
2016-06-21,18.48,1.4668
2016-06-22,21.17,1.4682
2016-06-23,17.25,1.48
2016-06-24,25.76,1.3639
2016-06-27,23.85,1.3217
2016-06-28,18.75,1.3294
2016-06-29,16.64,1.351
2016-06-30,15.63,1.3242
2016-07-01,14.77,1.3281
2016-07-04,,
2016-07-05,15.58,1.3021
2016-07-06,14.96,1.2921
2016-07-07,14.76,1.2926
2016-07-08,13.2,1.2938
2016-07-11,13.54,1.2986
2016-07-12,13.55,1.3237
2016-07-13,13.04,1.318
2016-07-14,12.82,1.3332
2016-07-15,12.67,1.3194
2016-07-18,12.44,1.3279
2016-07-19,11.97,1.3123
2016-07-20,11.77,1.3179
2016-07-21,12.74,1.3216
2016-07-22,12.02,1.3091
2016-07-25,12.87,1.313
2016-07-26,13.05,1.3133
2016-07-27,12.83,1.3094
2016-07-28,12.72,1.3151
2016-07-29,11.87,1.327
2016-08-01,12.44,1.3209
2016-08-02,13.37,1.3326
2016-08-03,12.86,1.3335
2016-08-04,12.42,1.3143
2016-08-05,11.39,1.3069
2016-08-08,11.5,1.3042
2016-08-09,11.66,1.301
2016-08-10,12.05,1.2998
2016-08-11,11.68,1.296
2016-08-12,11.55,1.2934
2016-08-15,11.81,1.2874
2016-08-16,12.64,1.3019
2016-08-17,12.19,1.3012
2016-08-18,11.43,1.3147
2016-08-19,11.34,1.3061
2016-08-22,12.27,1.3133
2016-08-23,12.38,1.3179
2016-08-24,13.45,1.3236
2016-08-25,13.63,1.3177
2016-08-26,13.65,1.3168
2016-08-29,12.94,1.3089
2016-08-30,13.12,1.3084
2016-08-31,13.42,1.3129
2016-09-01,13.48,1.3273
2016-09-02,11.98,1.3299
2016-09-05,,
2016-09-06,12.02,1.3429
2016-09-07,11.94,1.3339
2016-09-08,12.51,1.3301
2016-09-09,17.5,1.3257
2016-09-12,15.16,1.3313
2016-09-13,17.85,1.3184
2016-09-14,18.14,1.3204
2016-09-15,16.3,1.3215
2016-09-16,15.37,1.309
2016-09-19,15.53,1.3051
2016-09-20,15.92,1.2974
2016-09-21,13.3,1.2978
2016-09-22,12.02,1.3092
2016-09-23,12.29,1.2959
2016-09-26,14.5,1.2978
2016-09-27,13.1,1.3005
2016-09-28,12.39,1.2996
2016-09-29,14.02,1.2991
2016-09-30,13.29,1.3015
2016-10-03,13.57,1.284
2016-10-04,13.63,1.2746
2016-10-05,12.99,1.2745
2016-10-06,12.84,1.2647
2016-10-07,13.48,1.2434
2016-10-10,13.38,
2016-10-11,15.36,1.2218
2016-10-12,15.91,1.2195
2016-10-13,16.69,1.2201
2016-10-14,16.12,1.2189
2016-10-17,16.21,1.2186
2016-10-18,15.28,1.231
2016-10-19,14.41,1.2279
2016-10-20,13.75,1.2256
2016-10-21,13.34,1.221
2016-10-24,13.02,1.2204
2016-10-25,13.46,1.2164
2016-10-26,14.24,1.2234
2016-10-27,15.36,1.2173
2016-10-28,16.19,1.2155
2016-10-31,17.06,1.2212
2016-11-01,18.56,1.2218
2016-11-02,19.32,1.2315
2016-11-03,22.08,1.2454
2016-11-04,22.51,1.2546
2016-11-07,18.71,1.2403
2016-11-08,18.74,1.2372
2016-11-09,14.38,1.2474
2016-11-10,14.74,1.2523
2016-11-11,14.17,
2016-11-14,14.48,1.2469
2016-11-15,13.37,1.2422
2016-11-16,13.72,1.245
2016-11-17,13.35,1.245
2016-11-18,12.85,1.2327
2016-11-21,12.42,1.2474
2016-11-22,12.41,1.2424
2016-11-23,12.43,1.2458
2016-11-24,,
2016-11-25,12.34,1.2462
2016-11-28,13.15,1.2411
2016-11-29,12.9,1.2505
2016-11-30,13.33,1.2481
2016-12-01,14.07,1.2596
2016-12-02,14.12,1.2685
2016-12-05,12.14,1.2708
2016-12-06,11.79,1.2706
2016-12-07,12.22,1.2604
2016-12-08,12.64,1.2574
2016-12-09,11.75,1.259
2016-12-12,12.64,1.2677
2016-12-13,12.72,1.2685
2016-12-14,13.19,1.2706
2016-12-15,12.79,1.2389
2016-12-16,12.2,1.2478
2016-12-19,11.71,1.2419
2016-12-20,11.45,1.2358
2016-12-21,11.27,1.2348
2016-12-22,11.43,1.2301
2016-12-23,11.44,1.2252
2016-12-26,,
2016-12-27,11.99,1.2261
2016-12-28,12.95,1.2222
2016-12-29,13.37,1.2237
2016-12-30,14.04,1.2337
2017-01-02,,
2017-01-03,12.85,1.2256
2017-01-04,11.85,1.2299
2017-01-05,11.67,1.2415
2017-01-06,11.32,1.2314
2017-01-09,11.56,1.2167
2017-01-10,11.49,1.2165
2017-01-11,11.26,1.2118
2017-01-12,11.54,1.2211
2017-01-13,11.23,1.2198
2017-01-16,,
2017-01-17,11.87,1.2388
2017-01-18,12.48,1.2309
2017-01-19,12.78,1.2319
2017-01-20,11.54,
2017-01-23,11.77,1.2485
2017-01-24,11.07,1.2531
2017-01-25,10.81,1.262
2017-01-26,10.63,1.2579
2017-01-27,10.58,1.2531
2017-01-30,11.88,1.2478
2017-01-31,11.99,1.2585
2017-02-01,11.81,1.2643
2017-02-02,11.93,1.2541
2017-02-03,10.97,1.2504
2017-02-06,11.37,1.245
2017-02-07,11.29,1.2486
2017-02-08,11.45,1.2543
2017-02-09,10.88,1.2516
2017-02-10,10.85,1.2502
2017-02-13,11.07,1.251
2017-02-14,10.74,1.2465
2017-02-15,11.97,1.2465
2017-02-16,11.76,1.2477
2017-02-17,11.49,1.2428
2017-02-20,,
2017-02-21,11.57,1.2465
2017-02-22,11.74,1.2456
2017-02-23,11.71,1.2548
2017-02-24,11.47,1.2499
2017-02-27,12.09,1.2473
2017-02-28,12.92,1.2427
2017-03-01,12.54,1.2318
2017-03-02,11.81,1.2267
2017-03-03,10.96,1.2249
2017-03-06,11.24,1.2243
2017-03-07,11.45,1.2209
2017-03-08,11.86,1.2152
2017-03-09,12.3,1.2166
2017-03-10,11.66,1.2158
2017-03-13,11.35,1.2234
2017-03-14,12.3,1.2168
2017-03-15,11.63,1.2222
2017-03-16,11.21,1.237
2017-03-17,11.28,1.2372
2017-03-20,11.34,1.2365
2017-03-21,12.47,1.2479
2017-03-22,12.81,1.2476
2017-03-23,13.12,1.2526
2017-03-24,12.96,1.2491
2017-03-27,12.5,1.2583
2017-03-28,11.53,1.2503
2017-03-29,11.42,1.2411
2017-03-30,11.54,1.2489
2017-03-31,12.37,1.2537
2017-04-03,12.38,1.2479
2017-04-04,11.79,1.2437
2017-04-05,12.89,1.2488
2017-04-06,12.39,1.2486
2017-04-07,12.87,1.2398
2017-04-10,14.05,1.2418
2017-04-11,15.07,1.2484
2017-04-12,15.77,1.25
2017-04-13,15.96,1.2522
2017-04-14,,1.2531
2017-04-17,14.66,1.2587
2017-04-18,14.42,1.2769
2017-04-19,14.93,1.2789
2017-04-20,14.15,1.283
2017-04-21,14.63,1.2783
2017-04-24,10.84,1.2783
2017-04-25,10.76,1.2836
2017-04-26,10.85,1.2838
2017-04-27,10.36,1.2889
2017-04-28,10.82,1.2938
2017-05-01,10.11,1.2917
2017-05-02,10.59,1.2921
2017-05-03,10.68,1.2916
2017-05-04,10.46,1.291
2017-05-05,10.57,1.295
2017-05-08,9.77,1.2942
2017-05-09,9.96,1.2939
2017-05-10,10.21,1.2939
2017-05-11,10.6,1.2885
2017-05-12,10.4,1.288
2017-05-15,10.42,1.2917
2017-05-16,10.65,1.2912
2017-05-17,15.59,1.2944
2017-05-18,14.66,1.3009
2017-05-19,12.04,1.3018
2017-05-22,10.93,1.3006
2017-05-23,10.72,1.2984
2017-05-24,10.02,1.2935
2017-05-25,9.99,1.2954
2017-05-26,9.81,1.2795
2017-05-29,,
2017-05-30,10.38,1.2858
2017-05-31,10.41,1.2905
2017-06-01,9.89,1.2894
2017-06-02,9.75,1.2885
2017-06-05,10.07,1.2917
2017-06-06,10.45,1.2901
2017-06-07,10.39,1.2941
2017-06-08,10.16,1.2939
2017-06-09,10.7,1.2737
2017-06-12,11.46,1.2658
2017-06-13,10.42,1.2739
2017-06-14,10.64,1.2808
2017-06-15,10.9,1.2768
2017-06-16,10.38,1.2778
2017-06-19,10.37,1.2743
2017-06-20,10.86,1.2628
2017-06-21,10.75,1.2667
2017-06-22,10.48,1.2659
2017-06-23,10.02,1.2727
2017-06-26,9.9,1.2732
2017-06-27,11.06,1.2791
2017-06-28,10.03,1.2936
2017-06-29,11.44,1.2984
2017-06-30,11.18,1.2995
2017-07-03,11.22,1.2951
2017-07-04,,
2017-07-05,11.07,1.2934
2017-07-06,12.54,1.2967
2017-07-07,11.19,1.288
2017-07-10,11.11,1.2884
2017-07-11,10.89,1.2851
2017-07-12,10.3,1.2889
2017-07-13,9.9,1.2921
2017-07-14,9.51,1.3079
2017-07-17,9.82,1.3058
2017-07-18,9.89,1.3026
2017-07-19,9.79,1.3036
2017-07-20,9.58,1.2976
2017-07-21,9.36,1.2968
2017-07-24,9.43,1.3028
2017-07-25,9.43,1.3046
2017-07-26,9.6,1.3048
2017-07-27,10.11,1.3065
2017-07-28,10.29,1.3124
2017-07-31,10.26,1.3196
2017-08-01,10.09,1.3206
2017-08-02,10.28,1.3236
2017-08-03,10.44,1.3144
2017-08-04,10.03,1.3036
2017-08-07,9.93,1.3021
2017-08-08,10.96,1.2968
2017-08-09,11.11,1.2997
2017-08-10,16.04,1.2978
2017-08-11,15.51,1.2988
2017-08-14,12.33,1.2975
2017-08-15,12.04,1.2862
2017-08-16,11.74,1.286
2017-08-17,15.55,1.2888
2017-08-18,14.26,1.2847
2017-08-21,13.19,1.2903
2017-08-22,11.35,1.2834
2017-08-23,12.25,1.2787
2017-08-24,12.23,1.2802
2017-08-25,11.28,1.2873
2017-08-28,11.32,1.2927
2017-08-29,11.7,1.2937
2017-08-30,11.22,1.2934
2017-08-31,10.59,1.2888
2017-09-01,10.13,1.2972
2017-09-04,,
2017-09-05,12.23,1.3013
2017-09-06,11.63,1.3073
2017-09-07,11.55,1.3094
2017-09-08,12.12,1.3211
2017-09-11,10.73,1.3173
2017-09-12,10.58,1.328
2017-09-13,10.5,1.3218
2017-09-14,10.44,1.3398
2017-09-15,10.17,1.3578
2017-09-18,10.15,1.3485
2017-09-19,10.18,1.3517
2017-09-20,9.78,1.3564
2017-09-21,9.67,1.3576
2017-09-22,9.59,1.3531
2017-09-25,10.21,1.3457
2017-09-26,10.17,1.3422
2017-09-27,9.87,1.3401
2017-09-28,9.55,1.3435
2017-09-29,9.51,1.3402
2017-10-02,9.45,1.3268
2017-10-03,9.51,1.3251
2017-10-04,9.63,1.3268
2017-10-05,9.19,1.3132
2017-10-06,9.65,1.3063
2017-10-09,10.33,
2017-10-10,10.08,1.3215
2017-10-11,9.85,1.321
2017-10-12,9.91,1.3174
2017-10-13,9.61,1.3304
2017-10-16,9.91,1.3285
2017-10-17,10.31,1.3182
2017-10-18,10.07,1.3183
2017-10-19,10.05,1.3181
2017-10-20,9.97,1.3179
2017-10-23,11.07,1.3201
2017-10-24,11.16,1.3124
2017-10-25,11.23,1.3252
2017-10-26,11.3,1.3181
2017-10-27,9.8,1.3108
2017-10-30,10.5,1.3195
2017-10-31,10.18,1.3281
2017-11-01,10.2,1.3257
2017-11-02,9.93,1.3068
2017-11-03,9.14,1.3067
2017-11-06,9.4,1.3145
2017-11-07,9.89,1.3152
2017-11-08,9.78,1.3108
2017-11-09,10.5,1.3133
2017-11-10,11.29,
2017-11-13,11.5,1.3101
2017-11-14,11.59,1.3128
2017-11-15,13.13,1.3165
2017-11-16,11.76,1.3197
2017-11-17,11.43,1.3222
2017-11-20,10.65,1.3241
2017-11-21,9.73,1.3232
2017-11-22,9.88,1.3291
2017-11-23,,
2017-11-24,9.67,1.3336
2017-11-27,9.87,1.3333
2017-11-28,10.03,1.3231
2017-11-29,10.7,1.3436
2017-11-30,11.28,1.3506
2017-12-01,11.43,1.3505
2017-12-04,11.68,1.3465
2017-12-05,11.33,1.345
2017-12-06,11.02,1.3382
2017-12-07,10.16,1.3432
2017-12-08,9.58,1.3367
2017-12-11,9.34,1.3363
2017-12-12,9.92,1.3323
2017-12-13,10.18,1.3365
2017-12-14,10.49,1.344
2017-12-15,9.42,1.3316
2017-12-18,9.53,1.3398
2017-12-19,10.03,1.3356
2017-12-20,9.72,1.3408
2017-12-21,9.62,1.3372
2017-12-22,9.9,1.3379
2017-12-25,,
2017-12-26,10.25,1.3369
2017-12-27,10.47,1.3403
2017-12-28,10.18,1.345
2017-12-29,11.04,1.3529
2018-01-01,,
2018-01-02,9.77,1.3596
2018-01-03,9.15,1.3522
2018-01-04,9.22,1.3539
2018-01-05,9.22,1.3562
2018-01-08,9.52,1.3566
2018-01-09,10.08,1.3518
2018-01-10,9.82,1.3513
2018-01-11,9.88,1.3543
2018-01-12,10.16,1.3689
2018-01-15,,
2018-01-16,11.66,1.3774
2018-01-17,11.91,1.3824
2018-01-18,12.22,1.3889
2018-01-19,11.27,1.3857
2018-01-22,11.03,1.3944
2018-01-23,11.1,1.3968
2018-01-24,11.47,1.4198
2018-01-25,11.58,1.4264
2018-01-26,11.08,1.4179
2018-01-29,13.84,1.4042
2018-01-30,14.79,1.4124
2018-01-31,13.54,1.419
2018-02-01,13.47,1.4247
2018-02-02,17.31,1.4126
2018-02-05,37.32,1.4022
2018-02-06,29.98,1.3951
2018-02-07,27.73,1.3881
2018-02-08,33.46,1.3915
2018-02-09,29.06,1.3794
2018-02-12,25.61,1.382
2018-02-13,24.97,1.3892
2018-02-14,19.26,1.3955
2018-02-15,19.13,1.4061
2018-02-16,19.46,1.4055
2018-02-19,,
2018-02-20,20.6,1.4021
2018-02-21,20.02,1.3946
2018-02-22,18.72,1.3939
2018-02-23,16.49,1.3979
2018-02-26,15.8,1.3952
2018-02-27,18.59,1.3906
2018-02-28,19.85,1.3794
2018-03-01,22.47,1.3755
2018-03-02,19.59,1.3769
2018-03-05,18.73,1.3856
2018-03-06,18.36,1.3886
2018-03-07,17.76,1.3888
2018-03-08,16.54,1.3824
2018-03-09,14.64,1.3863
2018-03-12,15.78,1.3898
2018-03-13,16.35,1.3987
2018-03-14,17.23,1.3946
2018-03-15,16.59,1.3951
2018-03-16,15.8,1.3919
2018-03-19,19.02,1.4032
2018-03-20,18.2,1.4013
2018-03-21,17.86,1.4064
2018-03-22,23.34,1.4098
2018-03-23,24.87,1.4151
2018-03-26,21.03,1.4236
2018-03-27,22.5,1.4161
2018-03-28,22.87,1.411
2018-03-29,19.97,1.4029
2018-03-30,,1.4027
2018-04-02,23.62,1.4032
2018-04-03,21.1,1.4068
2018-04-04,20.06,1.4076
2018-04-05,18.94,1.3991
2018-04-06,21.49,1.4088
2018-04-09,21.77,1.4136
2018-04-10,20.47,1.4161
2018-04-11,20.24,1.4194
2018-04-12,18.49,1.4244
2018-04-13,17.41,1.4255
2018-04-16,16.56,1.4332
2018-04-17,15.25,1.4301
2018-04-18,15.6,1.4227
2018-04-19,15.96,1.4193
2018-04-20,16.88,1.4033
2018-04-23,16.34,1.3953
2018-04-24,18.02,1.3975
2018-04-25,17.84,1.3941
2018-04-26,16.24,1.3927
2018-04-27,15.41,1.3785
2018-04-30,15.93,1.3751
2018-05-01,15.49,1.3611
2018-05-02,15.97,1.361
2018-05-03,15.9,1.3569
2018-05-04,14.77,1.3535
2018-05-07,14.75,1.3567
2018-05-08,14.71,1.3521
2018-05-09,13.42,1.3567
2018-05-10,13.23,1.3487
2018-05-11,12.65,1.3549
2018-05-14,12.93,1.3595
2018-05-15,14.63,1.3512
2018-05-16,13.42,1.3478
2018-05-17,13.43,1.3507
2018-05-18,13.42,1.3476
2018-05-21,13.08,1.3418
2018-05-22,13.22,1.3445
2018-05-23,12.58,1.3341
2018-05-24,12.53,1.3384
2018-05-25,13.22,1.3321
2018-05-28,,
2018-05-29,17.02,1.3258
2018-05-30,14.94,1.3296
2018-05-31,15.43,1.3289
2018-06-01,13.46,1.3358
2018-06-04,12.74,1.3314
2018-06-05,12.4,1.336
2018-06-06,11.64,1.3429
2018-06-07,12.13,1.3427
2018-06-08,12.18,1.3406
2018-06-11,12.35,1.3386
2018-06-12,12.34,1.3416
2018-06-13,12.94,1.3378
2018-06-14,12.12,1.3333
2018-06-15,11.98,1.3283
2018-06-18,12.31,1.3247
2018-06-19,13.35,1.3172
2018-06-20,12.79,1.3213
2018-06-21,14.64,1.3251
2018-06-22,13.77,1.3258
2018-06-25,17.33,1.3273
2018-06-26,15.92,1.3243
2018-06-27,17.91,1.3139
2018-06-28,16.85,1.3095
2018-06-29,16.09,1.3197
2018-07-02,15.6,1.3133
2018-07-03,16.14,1.3174
2018-07-04,,
2018-07-05,14.97,1.3228
2018-07-06,13.37,1.3262
2018-07-09,12.69,1.3202
2018-07-10,12.64,1.3266
2018-07-11,13.63,1.3241
2018-07-12,12.58,1.3238
2018-07-13,12.18,1.3216
2018-07-16,12.83,1.3236
2018-07-17,12.06,1.3161
2018-07-18,12.1,1.305
2018-07-19,12.87,1.2987
2018-07-20,12.86,1.3114
2018-07-23,12.62,1.3105
2018-07-24,12.41,1.3135
2018-07-25,12.29,1.315
2018-07-26,12.14,1.3119
2018-07-27,13.03,1.3118
2018-07-30,14.26,1.314
2018-07-31,12.83,1.3125
2018-08-01,13.15,1.312
2018-08-02,12.19,1.3035
2018-08-03,11.64,1.3021
2018-08-06,11.27,1.2947
2018-08-07,10.93,1.2957
2018-08-08,10.85,1.288
2018-08-09,11.27,1.287
2018-08-10,13.16,1.2769
2018-08-13,14.78,1.2757
2018-08-14,13.31,1.2738
2018-08-15,14.64,1.2685
2018-08-16,13.45,1.2722
2018-08-17,12.64,1.2735
2018-08-20,12.49,1.2765
2018-08-21,12.86,1.286
2018-08-22,12.25,1.291
2018-08-23,12.41,1.283
2018-08-24,11.99,1.2858
2018-08-27,12.16,1.2891
2018-08-28,12.5,1.2886
2018-08-29,12.25,1.3006
2018-08-30,13.53,1.2997
2018-08-31,12.86,1.2964
2018-09-03,,
2018-09-04,13.16,1.2833
2018-09-05,13.91,1.2903
2018-09-06,14.65,1.2933
2018-09-07,14.88,1.2934
2018-09-10,14.16,1.3026
2018-09-11,13.22,1.3015
2018-09-12,13.14,1.3029
2018-09-13,12.37,1.3104
2018-09-14,12.07,1.3084
2018-09-17,13.68,1.3146
2018-09-18,12.79,1.3158
2018-09-19,11.75,1.3162
2018-09-20,11.8,1.3237
2018-09-21,11.68,1.3067
2018-09-24,12.2,1.3128
2018-09-25,12.42,1.3162
2018-09-26,12.89,1.3182
2018-09-27,12.41,1.3104
2018-09-28,12.12,1.3053
2018-10-01,12.0,1.3032
2018-10-02,12.05,1.2984
2018-10-03,11.61,1.2993
2018-10-04,14.22,1.3014
2018-10-05,14.82,1.3101
2018-10-08,15.69,
2018-10-09,15.95,1.3139
2018-10-10,22.96,1.3206
2018-10-11,24.98,1.3193
2018-10-12,21.31,1.3154
2018-10-15,21.3,1.3168
2018-10-16,17.62,1.321
2018-10-17,17.4,1.3137
2018-10-18,20.06,1.3061
2018-10-19,19.89,1.3045
2018-10-22,19.64,1.2974
2018-10-23,20.71,1.2982
2018-10-24,25.23,1.2898
2018-10-25,24.22,1.2827
2018-10-26,24.16,1.2826
2018-10-29,24.7,1.2807
2018-10-30,23.35,1.2731
2018-10-31,21.23,1.2779
2018-11-01,19.34,1.2974
2018-11-02,19.51,1.2965
2018-11-05,19.96,1.302
2018-11-06,19.91,1.3076
2018-11-07,16.36,1.3144
2018-11-08,16.72,1.3116
2018-11-09,17.36,1.2978
2018-11-12,20.45,
2018-11-13,20.02,1.3031
2018-11-14,21.25,1.3011
2018-11-15,19.98,1.2749
2018-11-16,18.14,1.2839
2018-11-19,20.1,1.2842
2018-11-20,22.48,1.2809
2018-11-21,20.8,1.2776
2018-11-22,,
2018-11-23,21.52,1.2804
2018-11-26,18.9,1.2809
2018-11-27,19.02,1.2729
2018-11-28,18.49,1.2766
2018-11-29,18.79,1.2789
2018-11-30,18.07,1.2772
2018-12-03,16.44,1.2742
2018-12-04,20.74,1.2719
2018-12-05,,
2018-12-06,21.19,1.2777
2018-12-07,23.23,1.2749
2018-12-10,22.64,1.2558
2018-12-11,21.76,1.2524
2018-12-12,21.46,1.2658
2018-12-13,20.65,1.2635
2018-12-14,21.63,1.257
2018-12-17,24.52,1.2606
2018-12-18,25.58,1.2644
2018-12-19,25.58,1.2669
2018-12-20,28.38,1.265
2018-12-21,30.11,1.2681
2018-12-24,36.07,
2018-12-25,,
2018-12-26,30.41,1.2676
2018-12-27,29.96,1.2627
2018-12-28,28.34,1.2699
2018-12-31,25.42,1.2763
2019-01-01,,
2019-01-02,23.22,1.2598
2019-01-03,25.45,1.2633
2019-01-04,21.38,1.274
2019-01-07,21.4,1.2757
2019-01-08,20.47,1.2724
2019-01-09,19.98,1.2764
2019-01-10,19.5,1.2768
2019-01-11,18.19,1.2836
2019-01-14,19.07,
2019-01-15,18.6,1.2761
2019-01-16,19.04,1.2862
2019-01-17,18.06,1.294
2019-01-18,17.8,1.2898
2019-01-21,,
2019-01-22,20.8,1.2955
2019-01-23,19.52,1.3074
2019-01-24,18.89,1.3027
2019-01-25,17.42,1.3176
2019-01-28,18.87,1.3158
2019-01-29,19.13,1.3146
2019-01-30,17.66,1.3062
2019-01-31,16.57,1.3135
2019-02-01,16.14,1.3094
2019-02-04,15.73,1.3068
2019-02-05,15.57,1.2947
2019-02-06,15.38,1.2956
2019-02-07,16.37,1.2966
2019-02-08,15.72,1.2933
2019-02-11,15.97,1.2862
2019-02-12,15.43,1.2887
2019-02-13,15.65,1.2865
2019-02-14,16.22,1.2793
2019-02-15,14.91,1.2857
2019-02-18,,
2019-02-19,14.88,1.3036
2019-02-20,14.02,
2019-02-21,14.46,1.306
2019-02-22,13.51,1.3067
2019-02-25,14.85,1.3059
2019-02-26,15.17,1.3252
2019-02-27,14.7,1.3318
2019-02-28,14.78,1.3274
2019-03-01,13.57,1.3222
2019-03-04,14.63,1.3186
2019-03-05,14.74,1.3141
2019-03-06,15.74,1.3148
2019-03-07,16.59,1.3107
2019-03-08,16.05,1.301
2019-03-11,14.33,1.3095
2019-03-12,13.77,1.3101
2019-03-13,13.41,1.323
2019-03-14,13.5,1.3281
2019-03-15,12.88,1.3278
2019-03-18,13.1,1.3223
2019-03-19,13.56,1.3263
2019-03-20,13.91,1.3191
2019-03-21,13.63,1.3073
2019-03-22,16.48,1.3219
2019-03-25,16.33,1.3203
2019-03-26,14.68,1.3215
2019-03-27,15.15,1.3192
2019-03-28,14.43,1.3088
2019-03-29,13.71,1.3032
2019-04-01,13.4,1.3144
2019-04-02,13.36,1.3035
2019-04-03,13.74,1.3181
2019-04-04,13.58,1.3072
2019-04-05,12.82,1.301
2019-04-08,13.18,1.3048
2019-04-09,14.28,1.3048
2019-04-10,13.3,1.31
2019-04-11,13.02,1.3068
2019-04-12,12.01,1.3086
2019-04-15,12.32,1.3105
2019-04-16,12.18,1.3049
2019-04-17,12.6,1.3036
2019-04-18,12.09,1.3003
2019-04-19,,1.3003
2019-04-22,12.42,1.2983
2019-04-23,12.28,1.2943
2019-04-24,13.14,1.2947
2019-04-25,13.25,1.2901
2019-04-26,12.73,1.293
2019-04-29,13.11,1.2924
2019-04-30,13.12,1.303
2019-05-01,14.8,1.3091
2019-05-02,14.42,1.3032
2019-05-03,12.87,1.3139
2019-05-06,15.44,1.3093
2019-05-07,19.32,1.3052
2019-05-08,19.4,1.3014
2019-05-09,19.1,1.3013
2019-05-10,16.04,1.3036
2019-05-13,20.55,1.2961
2019-05-14,18.06,1.2921
2019-05-15,16.44,1.2878
2019-05-16,15.29,1.2803
2019-05-17,15.96,1.2723
2019-05-20,16.31,1.2718
2019-05-21,14.95,1.2747
2019-05-22,14.75,1.2674
2019-05-23,16.92,1.2666
2019-05-24,15.85,1.27
2019-05-27,,
2019-05-28,17.5,1.2668
2019-05-29,17.9,1.2631
2019-05-30,17.3,1.2619
2019-05-31,18.71,1.262
2019-06-03,18.86,1.2621
2019-06-04,16.97,1.2675
2019-06-05,16.09,1.2706
2019-06-06,15.93,1.2713
2019-06-07,16.3,1.274
2019-06-10,15.94,1.2684
2019-06-11,15.99,1.2724
2019-06-12,15.91,1.2693
2019-06-13,15.82,1.2678
2019-06-14,15.28,1.2601
2019-06-17,15.35,1.2568
2019-06-18,15.15,1.2547
2019-06-19,14.33,1.2625
2019-06-20,14.75,1.27
2019-06-21,15.4,1.2703
2019-06-24,15.26,1.2728
2019-06-25,16.28,1.2721
2019-06-26,16.21,1.2697
2019-06-27,15.82,1.2674
2019-06-28,15.08,1.2704
2019-07-01,14.06,1.2644
2019-07-02,12.93,1.2599
2019-07-03,12.57,1.2568
2019-07-04,,
2019-07-05,13.28,1.2506
2019-07-08,13.96,1.2503
2019-07-09,14.09,1.2463
2019-07-10,13.03,1.2507
2019-07-11,12.93,1.2549
2019-07-12,12.39,1.2553
2019-07-15,12.68,1.2523
2019-07-16,12.86,1.2408
2019-07-17,13.97,1.2438
2019-07-18,13.53,1.2494
2019-07-19,14.45,1.25
2019-07-22,13.53,1.2475
2019-07-23,12.61,1.2449
2019-07-24,12.07,1.2498
2019-07-25,12.74,1.2471
2019-07-26,12.16,1.2387
2019-07-29,12.83,1.2236
2019-07-30,13.94,1.2148
2019-07-31,16.12,1.222
2019-08-01,17.87,1.2145
2019-08-02,17.61,1.2132
2019-08-05,24.59,1.2165
2019-08-06,20.17,1.2149
2019-08-07,19.49,1.2158
2019-08-08,16.91,1.2138
2019-08-09,17.97,1.2085
2019-08-12,21.09,1.207
2019-08-13,17.52,1.2067
2019-08-14,22.1,1.2068
2019-08-15,21.18,1.2112
2019-08-16,18.47,1.2152
2019-08-19,16.88,1.2138
2019-08-20,17.5,1.2153
2019-08-21,15.8,1.2142
2019-08-22,16.68,1.225
2019-08-23,19.87,1.2261
2019-08-26,19.32,1.2232
2019-08-27,20.31,1.2288
2019-08-28,19.35,1.2248
2019-08-29,17.88,1.2197
2019-08-30,18.98,1.2166
2019-09-02,,
2019-09-03,19.66,1.2086
2019-09-04,17.33,1.219
2019-09-05,16.27,1.2337
2019-09-06,15.0,1.2299
2019-09-09,15.27,1.2368
2019-09-10,15.2,1.2355
2019-09-11,14.61,1.2329
2019-09-12,14.22,1.2357
2019-09-13,13.74,1.2462
2019-09-16,14.67,1.2423
2019-09-17,14.44,1.2493
2019-09-18,13.95,1.2478
2019-09-19,14.05,1.2481
2019-09-20,15.32,1.2489
2019-09-23,14.91,1.2428
2019-09-24,17.05,1.2475
2019-09-25,15.96,1.2363
2019-09-26,16.07,1.2343
2019-09-27,17.22,1.2312
2019-09-30,16.24,1.2305
2019-10-01,18.56,1.2242
2019-10-02,20.56,1.2313
2019-10-03,19.12,1.239
2019-10-04,17.04,1.2309
2019-10-07,17.86,1.2322
2019-10-08,20.28,1.2206
2019-10-09,18.64,1.2215
2019-10-10,17.57,1.2382
2019-10-11,15.58,1.2683
2019-10-14,14.57,
2019-10-15,13.54,1.2737
2019-10-16,13.68,1.2854
2019-10-17,13.79,1.2853
2019-10-18,14.25,1.2904
2019-10-21,14.0,1.2983
2019-10-22,14.46,1.2948
2019-10-23,14.01,1.2886
2019-10-24,13.71,1.281
2019-10-25,12.65,1.2833
2019-10-28,13.11,1.286
2019-10-29,13.2,1.2905
2019-10-30,12.33,1.2872
2019-10-31,13.22,1.2939
2019-11-01,12.3,1.295
2019-11-04,12.83,1.2906
2019-11-05,13.1,1.287
2019-11-06,12.62,1.2872
2019-11-07,12.73,1.2829
2019-11-08,12.07,1.279
2019-11-11,12.69,
2019-11-12,12.68,1.2855
2019-11-13,13.0,1.284
2019-11-14,13.05,1.2879
2019-11-15,12.05,1.2901
2019-11-18,12.46,1.2965
2019-11-19,12.86,1.2926
2019-11-20,12.78,1.2918
2019-11-21,13.13,1.2915
2019-11-22,12.34,1.2829
2019-11-25,11.87,1.2885
2019-11-26,11.54,1.285
2019-11-27,11.75,1.2881
2019-11-28,,
2019-11-29,12.62,1.2939
2019-12-02,14.91,1.2936
2019-12-03,15.96,1.3002
2019-12-04,14.8,1.3095
2019-12-05,14.52,1.3165
2019-12-06,13.62,1.3127
2019-12-09,15.86,1.3157
2019-12-10,15.68,1.3178
2019-12-11,14.99,1.3176
2019-12-12,13.94,1.3133
2019-12-13,12.63,1.3349
2019-12-16,12.14,1.333
2019-12-17,12.29,1.3116
2019-12-18,12.58,1.3078
2019-12-19,12.5,1.3034
2019-12-20,12.51,1.3036
2019-12-23,12.61,1.2917
2019-12-24,12.67,1.2955
2019-12-25,,
2019-12-26,12.65,1.3007
2019-12-27,13.43,1.309
2019-12-30,14.82,1.314
2019-12-31,13.78,1.3269
2020-01-01,,
2020-01-02,12.47,1.3128
2020-01-03,14.02,1.3091
2020-01-06,13.85,1.3163
2020-01-07,13.79,1.3127
2020-01-08,13.45,1.311
2020-01-09,12.54,1.3069
2020-01-10,12.56,1.306
2020-01-13,12.32,1.2983
2020-01-14,12.39,1.3018
2020-01-15,12.42,1.303
2020-01-16,12.32,1.3076
2020-01-17,12.1,1.3029
2020-01-20,,
2020-01-21,12.85,1.3047
2020-01-22,12.91,1.3136
2020-01-23,12.98,1.3104
2020-01-24,14.56,1.3071
2020-01-27,18.23,1.3054
2020-01-28,16.28,1.2996
2020-01-29,16.39,1.3012
2020-01-30,15.49,1.3106
2020-01-31,18.84,1.3195
2020-02-03,17.97,1.3006
2020-02-04,16.05,1.3029
2020-02-05,15.15,1.3
2020-02-06,14.96,1.2935
2020-02-07,15.47,1.2908
2020-02-10,15.04,1.2919
2020-02-11,15.18,1.2945
2020-02-12,13.74,1.2978
2020-02-13,14.15,1.3051
2020-02-14,13.68,1.3039
2020-02-17,,
2020-02-18,14.83,1.3017
2020-02-19,14.38,1.2934
2020-02-20,15.56,1.2877
2020-02-21,17.08,1.2966
2020-02-24,25.03,1.2923
2020-02-25,27.85,1.3004
2020-02-26,27.56,1.2921
2020-02-27,39.16,1.2876
2020-02-28,40.11,1.2778
2020-03-02,33.42,1.2791
2020-03-03,36.82,1.2827
2020-03-04,31.99,1.2836
2020-03-05,39.62,1.2939
2020-03-06,41.94,1.301
2020-03-09,54.46,1.31
2020-03-10,47.3,1.2933
2020-03-11,53.9,1.2887
2020-03-12,75.47,1.2541
2020-03-13,57.83,1.2406
2020-03-16,82.69,1.2278
2020-03-17,75.91,1.2017
2020-03-18,76.45,1.176
2020-03-19,72.0,1.1662
2020-03-20,66.04,1.1743
2020-03-23,61.59,1.1492
2020-03-24,61.67,1.1784
2020-03-25,63.95,1.1763
2020-03-26,61.0,1.214
2020-03-27,65.54,1.236
2020-03-30,57.08,1.2392
2020-03-31,53.54,1.2454
2020-04-01,57.06,1.2394
2020-04-02,50.91,1.238
2020-04-03,46.8,1.2228
2020-04-06,45.24,1.2298
2020-04-07,46.7,1.2343
2020-04-08,43.35,1.2394
2020-04-09,41.67,1.2458
2020-04-10,,1.2485
2020-04-13,41.17,1.2518
2020-04-14,37.76,1.2617
2020-04-15,40.84,1.2523
2020-04-16,40.11,1.2433
2020-04-17,38.15,1.2503
2020-04-20,43.83,1.2467
2020-04-21,45.41,1.2266
2020-04-22,41.98,1.2332
2020-04-23,41.38,1.2369
2020-04-24,35.93,1.2335
2020-04-27,33.29,1.2421
2020-04-28,33.57,1.2438
2020-04-29,31.23,1.2429
2020-04-30,34.15,1.2602
2020-05-01,37.19,1.2509
2020-05-04,35.97,1.243
2020-05-05,33.61,1.2449
2020-05-06,34.12,1.2347
2020-05-07,31.44,1.2349
2020-05-08,27.98,1.2436
2020-05-11,27.57,1.233
2020-05-12,33.04,1.2299
2020-05-13,35.28,1.2225
2020-05-14,32.61,1.2194
2020-05-15,31.89,1.2129
2020-05-18,29.3,1.2211
2020-05-19,30.53,1.2255
2020-05-20,27.99,1.2257
2020-05-21,29.53,1.2227
2020-05-22,28.16,1.2178
2020-05-25,,
2020-05-26,28.01,1.2337
2020-05-27,27.62,1.2231
2020-05-28,28.59,1.2325
2020-05-29,27.51,1.232
2020-06-01,28.23,1.2472
2020-06-02,26.84,1.2531
2020-06-03,25.66,1.26
2020-06-04,25.81,1.2608
2020-06-05,24.52,1.2703
2020-06-08,25.81,1.2694
2020-06-09,27.57,1.2736
2020-06-10,27.57,1.2758
2020-06-11,40.79,1.2635
2020-06-12,36.09,1.2527
2020-06-15,34.4,1.2543
2020-06-16,33.67,1.2586
2020-06-17,33.47,1.2526
2020-06-18,32.94,1.243
2020-06-19,35.12,1.2362
2020-06-22,31.77,1.2447
2020-06-23,31.37,1.2531
2020-06-24,33.84,1.2432
2020-06-25,32.22,1.2406
2020-06-26,34.73,1.2337
2020-06-29,31.78,1.2279
2020-06-30,30.43,1.2369
2020-07-01,28.62,1.2474
2020-07-02,27.68,1.2469
2020-07-03,,
2020-07-06,27.94,1.2482
2020-07-07,29.43,1.2572
2020-07-08,28.08,1.2593
2020-07-09,29.26,1.2614
2020-07-10,27.29,1.2654
2020-07-13,32.19,1.2614
2020-07-14,29.52,1.2546
2020-07-15,27.76,1.2586
2020-07-16,28.0,1.2621
2020-07-17,25.68,1.255
2020-07-20,24.46,1.2658
2020-07-21,24.84,1.2736
2020-07-22,24.32,1.2729
2020-07-23,26.08,1.2759
2020-07-24,25.84,1.2791
2020-07-27,24.74,1.2887
2020-07-28,25.44,1.295
2020-07-29,24.1,1.2974
2020-07-30,24.76,1.3035
2020-07-31,24.46,1.3133
2020-08-03,24.28,1.3053
2020-08-04,23.76,1.3059
2020-08-05,22.99,1.3141
2020-08-06,22.65,1.3147
2020-08-07,22.21,1.3043
2020-08-10,22.13,1.3082
2020-08-11,24.03,1.3077
2020-08-12,22.28,1.3047
2020-08-13,22.13,1.3082
2020-08-14,22.05,1.3108
2020-08-17,21.35,1.3105
2020-08-18,21.51,1.3228
2020-08-19,22.54,1.3191
2020-08-20,22.72,1.319
2020-08-21,22.54,1.3098
2020-08-24,22.37,1.3078
2020-08-25,22.03,1.3136
2020-08-26,23.27,1.3186
2020-08-27,24.47,1.3229
2020-08-28,22.96,1.3341
2020-08-31,26.41,1.3375
2020-09-01,26.12,1.3416
2020-09-02,26.57,1.3315
2020-09-03,33.6,1.3263
2020-09-04,30.75,1.323
2020-09-07,,
2020-09-08,31.46,1.3039
2020-09-09,28.81,1.3011
2020-09-10,29.71,1.2846
2020-09-11,26.87,1.2788
2020-09-14,25.85,1.2876
2020-09-15,25.59,1.2866
2020-09-16,26.04,1.298
2020-09-17,26.46,1.2955
2020-09-18,25.83,1.295
2020-09-21,27.78,1.2794
2020-09-22,26.86,1.2726
2020-09-23,28.58,1.275
2020-09-24,28.51,1.2739
2020-09-25,26.38,1.2706
2020-09-28,26.19,1.2865
2020-09-29,26.27,1.2847
2020-09-30,26.37,1.2921
2020-10-01,26.7,1.2901
2020-10-02,27.63,1.2928
2020-10-05,27.96,1.2972
2020-10-06,29.48,1.2945
2020-10-07,28.06,1.2914
2020-10-08,26.36,1.2944
2020-10-09,25.0,1.3003
2020-10-12,25.07,
2020-10-13,26.07,1.2968
2020-10-14,26.4,1.3023
2020-10-15,26.97,1.2917
2020-10-16,27.41,1.2931
2020-10-19,29.18,1.2998
2020-10-20,29.35,1.2951
2020-10-21,28.65,1.3143
2020-10-22,28.11,1.309
2020-10-23,27.55,1.3039
2020-10-26,32.46,1.3021
2020-10-27,33.35,1.3067
2020-10-28,40.28,1.2997
2020-10-29,37.59,1.289
2020-10-30,38.02,1.2933
2020-11-02,37.13,1.2904
2020-11-03,35.55,1.305
2020-11-04,29.57,1.3021
2020-11-05,27.58,1.3116
2020-11-06,24.86,1.3162
2020-11-09,25.75,1.3137
2020-11-10,24.8,1.3234
2020-11-11,23.45,
2020-11-12,25.35,1.3142
2020-11-13,23.1,1.3176
2020-11-16,22.45,1.3197
2020-11-17,22.71,1.3247
2020-11-18,23.84,1.3299
2020-11-19,23.11,1.3225
2020-11-20,23.7,1.3294
2020-11-23,22.66,1.33
2020-11-24,21.64,1.335
2020-11-25,21.25,1.3378
2020-11-26,,
2020-11-27,20.84,
2020-11-30,20.57,1.3338
2020-12-01,20.77,1.3392
2020-12-02,21.17,1.3348
2020-12-03,21.28,1.3496
2020-12-04,20.79,1.3485
2020-12-07,21.3,1.3353
2020-12-08,20.68,1.3358
2020-12-09,22.27,1.3392
2020-12-10,22.52,1.3293
2020-12-11,23.31,1.3197
2020-12-14,24.72,1.3324
2020-12-15,22.89,1.3434
2020-12-16,22.5,1.3503
2020-12-17,21.93,1.3609
2020-12-18,21.57,1.3497
2020-12-21,25.16,1.3354
2020-12-22,24.23,1.3349
2020-12-23,23.31,1.351
2020-12-24,21.53,
2020-12-25,,
2020-12-28,21.7,1.3447
2020-12-29,23.08,1.3512
2020-12-30,22.77,1.3605
2020-12-31,22.75,1.3662
2021-01-01,,
2021-01-04,26.97,1.3551
2021-01-05,25.34,1.362
2021-01-06,25.07,1.3593
2021-01-07,22.37,1.3551
2021-01-08,21.56,1.3583
2021-01-11,24.08,1.3522
2021-01-12,23.33,1.3637
2021-01-13,22.21,1.3631
2021-01-14,23.25,1.369
2021-01-15,24.34,1.3599
2021-01-18,,
2021-01-19,23.24,1.3627
2021-01-20,21.58,
2021-01-21,21.32,1.3721
2021-01-22,21.91,1.3685
2021-01-25,23.19,1.3668
2021-01-26,23.02,1.3729
2021-01-27,37.21,1.3688
2021-01-28,30.21,1.3727
2021-01-29,33.09,1.3723
2021-02-01,30.24,1.3672
2021-02-02,25.56,1.3644
2021-02-03,22.91,1.3652
2021-02-04,21.77,1.3665
2021-02-05,20.87,1.3714
2021-02-08,21.24,1.3738
2021-02-09,21.63,1.3796
2021-02-10,21.99,1.385
2021-02-11,21.25,1.3822
2021-02-12,19.97,1.3855
2021-02-15,,
2021-02-16,21.46,1.391
2021-02-17,21.5,1.3848
2021-02-18,22.49,1.3956
2021-02-19,22.05,1.4025
2021-02-22,23.45,1.4077
2021-02-23,23.11,1.4092
2021-02-24,21.34,1.4106
2021-02-25,28.89,1.4105
2021-02-26,27.95,1.3947
2021-03-01,23.35,1.3938
2021-03-02,24.1,1.3962
2021-03-03,26.67,1.3978
2021-03-04,28.57,1.3999
2021-03-05,24.66,1.3817
2021-03-08,25.47,1.381
2021-03-09,24.03,1.3884
2021-03-10,22.56,1.3899
2021-03-11,21.91,1.398
2021-03-12,20.69,1.3925
2021-03-15,20.03,1.3866
2021-03-16,19.79,1.3892
2021-03-17,19.23,1.3888
2021-03-18,21.58,1.3938
2021-03-19,20.95,1.3872
2021-03-22,18.88,1.3856
2021-03-23,20.3,1.3795
2021-03-24,21.2,1.3723
2021-03-25,19.81,1.3722
2021-03-26,18.86,1.3794
2021-03-29,20.74,1.3793
2021-03-30,19.61,1.3729
2021-03-31,19.4,1.3795
2021-04-01,17.33,1.3825
2021-04-02,,1.3825
2021-04-05,17.91,1.3907
2021-04-06,18.12,1.3849
2021-04-07,17.16,1.3757
2021-04-08,16.95,1.3739
2021-04-09,16.69,1.3734
2021-04-12,16.91,1.3741
2021-04-13,16.65,1.3742
2021-04-14,16.99,1.379
2021-04-15,16.57,1.3781
2021-04-16,16.25,1.3826
2021-04-19,17.29,1.3977
2021-04-20,18.68,1.3955
2021-04-21,17.5,1.3936
2021-04-22,18.71,1.3851
2021-04-23,17.33,1.3845
2021-04-26,17.64,1.389
2021-04-27,17.56,1.3908
2021-04-28,17.28,1.3917
2021-04-29,17.61,1.3956
2021-04-30,18.61,1.3838
2021-05-03,18.31,1.3913
2021-05-04,19.48,1.3873
2021-05-05,19.15,1.3913
2021-05-06,18.39,1.388
2021-05-07,16.69,1.4
2021-05-10,19.66,1.4153
2021-05-11,21.84,1.4149
2021-05-12,27.59,1.4081
2021-05-13,23.13,1.4033
2021-05-14,18.81,1.4096
2021-05-17,19.72,1.4127
2021-05-18,21.34,1.4184
2021-05-19,22.18,1.4169
2021-05-20,20.67,1.4182
2021-05-21,20.15,1.4158
2021-05-24,18.4,1.4147
2021-05-25,18.84,1.4123
2021-05-26,17.36,1.4129
2021-05-27,16.74,1.4172
2021-05-28,16.76,1.4188
2021-05-31,,
2021-06-01,17.9,1.4168
2021-06-02,17.48,1.4177
2021-06-03,18.04,1.4099
2021-06-04,16.42,1.4175
2021-06-07,16.42,1.4179
2021-06-08,17.07,1.4146
2021-06-09,17.89,1.4124
2021-06-10,16.1,1.4165
2021-06-11,15.65,1.4114
2021-06-14,16.39,1.4116
2021-06-15,17.02,1.4073
2021-06-16,18.15,1.411
2021-06-17,17.75,1.3916
2021-06-18,20.7,1.3817
2021-06-21,17.89,1.3915
2021-06-22,16.66,1.3921
2021-06-23,16.32,1.3977
2021-06-24,15.97,1.3907
2021-06-25,15.62,1.3899
2021-06-28,15.76,1.3895
2021-06-29,16.02,1.3845
2021-06-30,15.83,1.3806
2021-07-01,15.48,1.378
2021-07-02,15.07,1.3795
2021-07-05,,
2021-07-06,16.44,1.3792
2021-07-07,16.2,1.3792
2021-07-08,19.0,1.3767
2021-07-09,16.18,1.3842
2021-07-12,16.17,1.3886
2021-07-13,17.12,1.3847
2021-07-14,16.33,1.3854
2021-07-15,17.01,1.3849
2021-07-16,18.45,1.3785
2021-07-19,22.5,1.369
2021-07-20,19.73,1.3615
2021-07-21,17.91,1.3695
2021-07-22,17.69,1.375
2021-07-23,17.2,1.3749
2021-07-26,17.58,1.3829
2021-07-27,19.36,1.3884
2021-07-28,18.31,1.3884
2021-07-29,17.7,1.3966
2021-07-30,18.24,1.3913
2021-08-02,19.46,1.3886
2021-08-03,18.04,1.3905
2021-08-04,17.97,1.3912
2021-08-05,17.28,1.3929
2021-08-06,16.15,1.3873
2021-08-09,16.72,1.3852
2021-08-10,16.79,1.384
2021-08-11,16.06,1.3866
2021-08-12,15.59,1.3833
2021-08-13,15.45,1.3857
2021-08-16,16.12,1.3849
2021-08-17,17.91,1.3739
2021-08-18,21.57,1.3749
2021-08-19,21.67,1.3673
2021-08-20,18.56,1.3625
2021-08-23,17.15,1.3717
2021-08-24,17.22,1.3716
2021-08-25,16.79,1.3723
2021-08-26,18.84,1.3712
2021-08-27,16.39,1.3769
2021-08-30,16.19,1.3758
2021-08-31,16.48,1.3747
2021-09-01,16.11,1.379
2021-09-02,16.41,1.3825
2021-09-03,16.41,1.3862
2021-09-06,,
2021-09-07,18.14,1.3792
2021-09-08,17.96,1.3761
2021-09-09,18.8,1.3855
2021-09-10,20.95,1.3847
2021-09-13,19.37,1.3844
2021-09-14,19.46,1.3848
2021-09-15,18.18,1.3837
2021-09-16,18.69,1.3785
2021-09-17,20.81,1.3755
2021-09-20,25.71,1.3656
2021-09-21,24.36,1.3663
2021-09-22,20.87,1.3669
2021-09-23,18.63,1.3745
2021-09-24,17.75,1.3681
2021-09-27,18.76,1.3712
2021-09-28,23.25,1.3537
2021-09-29,22.56,1.3439
2021-09-30,23.14,1.347
2021-10-01,21.15,1.3572
2021-10-04,22.96,1.3602
2021-10-05,21.3,1.364
2021-10-06,21.0,1.3569
2021-10-07,19.54,1.3634
2021-10-08,18.77,1.363
2021-10-11,20.0,
2021-10-12,19.85,1.3605
2021-10-13,18.64,1.3645
2021-10-14,16.86,1.3684
2021-10-15,16.3,1.3756
2021-10-18,16.31,1.3726
2021-10-19,15.7,1.3807
2021-10-20,15.49,1.3821
2021-10-21,15.01,1.3812
2021-10-22,15.43,1.3741
2021-10-25,15.24,1.3773
2021-10-26,15.98,1.3772
2021-10-27,16.98,1.3739
2021-10-28,16.53,1.3804
2021-10-29,16.26,1.3686
2021-11-01,16.41,1.3679
2021-11-02,16.03,1.3612
2021-11-03,15.1,1.3659
2021-11-04,15.44,1.3494
2021-11-05,16.48,1.3491
2021-11-08,17.22,1.3563
2021-11-09,17.78,1.3551
2021-11-10,18.73,1.347
2021-11-11,17.66,
2021-11-12,16.29,1.3412
2021-11-15,16.49,1.3444
2021-11-16,16.37,1.3429
2021-11-17,17.11,1.3488
2021-11-18,17.59,1.3489
2021-11-19,17.91,1.3474
2021-11-22,19.17,1.3412
2021-11-23,19.38,1.3388
2021-11-24,18.58,1.3332
2021-11-25,,
2021-11-26,28.62,1.3322
2021-11-29,22.96,1.3291
2021-11-30,27.19,1.3252
2021-12-01,31.12,1.3308
2021-12-02,27.95,1.3305
2021-12-03,30.67,1.3234
2021-12-06,27.18,1.3252
2021-12-07,21.89,1.3236
2021-12-08,19.9,1.3236
2021-12-09,21.58,1.3188
2021-12-10,18.69,1.3262
2021-12-13,20.31,1.3233
2021-12-14,21.89,1.3225
2021-12-15,19.29,1.3214
2021-12-16,20.57,1.3325
2021-12-17,21.57,1.3269
2021-12-20,22.87,1.3222
2021-12-21,21.01,1.3253
2021-12-22,18.63,1.3345
2021-12-23,17.96,1.341
2021-12-24,,
2021-12-27,17.68,1.3438
2021-12-28,17.54,1.3432
2021-12-29,16.95,1.3475
2021-12-30,17.33,1.35
2021-12-31,17.22,
2022-01-03,16.6,1.3469
2022-01-04,16.91,1.3544
2022-01-05,19.73,1.3573
2022-01-06,19.61,1.3539
2022-01-07,18.76,1.3583
2022-01-10,19.4,1.3567
2022-01-11,18.41,1.3622
2022-01-12,17.62,1.3698
2022-01-13,20.31,1.3724
2022-01-14,19.19,1.367
2022-01-17,,
2022-01-18,22.79,1.3588
2022-01-19,23.85,1.3625
2022-01-20,25.59,1.3642
2022-01-21,28.85,1.3562
2022-01-24,29.9,1.3447
2022-01-25,31.16,1.3495
2022-01-26,31.96,1.3516
2022-01-27,30.49,1.3385
2022-01-28,27.66,1.3417
2022-01-31,24.83,1.3439
2022-02-01,21.96,1.3505
2022-02-02,22.09,1.3565
2022-02-03,24.35,1.3602
2022-02-04,23.22,1.3543
2022-02-07,22.86,1.3533
2022-02-08,21.44,1.3552
2022-02-09,19.96,1.354
2022-02-10,23.91,1.3636
2022-02-11,27.36,1.3601
2022-02-14,28.33,1.3516
2022-02-15,25.7,1.3539
2022-02-16,24.29,1.3585
2022-02-17,28.11,1.3624
2022-02-18,27.75,1.3585
2022-02-21,,
2022-02-22,28.81,1.3597
2022-02-23,31.02,1.3555
2022-02-24,30.32,1.336
2022-02-25,27.59,1.3407
2022-02-28,30.15,1.3419
2022-03-01,33.32,1.3318
2022-03-02,30.74,1.3365
2022-03-03,30.48,1.3326
2022-03-04,31.98,1.3214
2022-03-07,36.45,1.3115
2022-03-08,35.13,1.3101
2022-03-09,32.45,1.316
2022-03-10,30.23,1.3108
2022-03-11,30.75,1.3063
2022-03-14,31.77,1.3044
2022-03-15,29.83,1.3065
2022-03-16,26.67,1.3096
2022-03-17,25.67,1.3159
2022-03-18,23.87,1.3169
2022-03-21,23.53,1.3201
2022-03-22,22.94,1.3258
2022-03-23,23.57,1.3212
2022-03-24,21.67,1.3183
2022-03-25,20.81,1.3193
2022-03-28,19.63,1.3091
2022-03-29,18.9,1.3125
2022-03-30,19.33,1.3149
2022-03-31,20.56,1.3152
2022-04-01,19.63,1.3114
2022-04-04,18.57,1.3116
2022-04-05,21.03,1.3101
2022-04-06,22.1,1.3082
2022-04-07,21.55,1.306
2022-04-08,21.16,1.3032
2022-04-11,24.37,1.3033
2022-04-12,24.26,1.3031
2022-04-13,21.82,1.3072
2022-04-14,22.7,1.3052
2022-04-15,,1.3066
2022-04-18,22.17,1.3019
2022-04-19,21.37,1.3009
2022-04-20,20.32,1.3055
2022-04-21,22.68,1.3042
2022-04-22,28.21,1.2848
2022-04-25,27.02,1.2698
2022-04-26,33.52,1.2617
2022-04-27,31.6,1.2547
2022-04-28,29.99,1.2443
2022-04-29,33.4,1.2565
2022-05-02,32.34,1.2523
2022-05-03,29.25,1.251
2022-05-04,25.42,1.2487
2022-05-05,31.2,1.2334
2022-05-06,30.19,1.2344
2022-05-09,34.75,1.2335
2022-05-10,32.99,1.2313
2022-05-11,32.56,1.2317
2022-05-12,31.77,1.2198
2022-05-13,28.87,1.2242
2022-05-16,27.47,1.227
2022-05-17,26.1,1.2468
2022-05-18,30.96,1.2396
2022-05-19,29.35,1.2504
2022-05-20,29.43,1.2492
2022-05-23,28.48,1.2571
2022-05-24,29.45,1.2544
2022-05-25,28.37,1.2539
2022-05-26,27.5,1.2582
2022-05-27,25.72,1.2613
2022-05-30,26.54,
2022-05-31,26.19,1.2624
2022-06-01,25.69,1.2472
2022-06-02,24.72,1.2557
2022-06-03,24.79,1.2496
2022-06-06,25.07,1.2544
2022-06-07,24.02,1.2594
2022-06-08,23.96,1.2557
2022-06-09,26.09,1.2511
2022-06-10,27.75,1.233
2022-06-13,34.02,1.217
2022-06-14,32.69,1.2011
2022-06-15,29.62,1.2057
2022-06-16,32.95,1.2341
2022-06-17,31.13,1.2201
2022-06-20,31.03,
2022-06-21,30.19,1.2277
2022-06-22,28.95,1.228
2022-06-23,29.05,1.224
2022-06-24,27.23,1.2273
2022-06-27,26.95,1.2305
2022-06-28,28.36,1.22
2022-06-29,28.16,1.2151
2022-06-30,28.71,1.2162
2022-07-01,26.7,1.2048
2022-07-04,27.53,
2022-07-05,27.54,1.1932
2022-07-06,26.73,1.1907
2022-07-07,26.08,1.1994
2022-07-08,24.64,1.2036
2022-07-11,26.17,1.1907
2022-07-12,27.29,1.1905
2022-07-13,26.82,1.1919
2022-07-14,26.4,1.1827
2022-07-15,24.23,1.1857
2022-07-18,25.3,1.1989
2022-07-19,24.5,1.2022
2022-07-20,23.88,1.1989
2022-07-21,23.11,1.1968
2022-07-22,23.03,1.2019
2022-07-25,23.36,1.2042
2022-07-26,24.69,1.2036
2022-07-27,23.24,1.2027
2022-07-28,22.33,1.2126
2022-07-29,21.33,1.2183
2022-08-01,22.84,1.2278
2022-08-02,23.93,1.2218
2022-08-03,21.95,1.2132
2022-08-04,21.44,1.2141
2022-08-05,21.15,1.2061
2022-08-08,21.29,1.2098
2022-08-09,21.77,1.2089
2022-08-10,19.74,1.2245
2022-08-11,20.2,1.223
2022-08-12,19.53,1.2132
2022-08-15,19.95,1.209
2022-08-16,19.69,1.209
2022-08-17,19.9,1.203
2022-08-18,19.56,1.197
2022-08-19,20.6,1.181
2022-08-22,23.8,1.1752
2022-08-23,24.11,1.1844
2022-08-24,22.82,1.1802
2022-08-25,21.78,1.1803
2022-08-26,25.56,1.1778
2022-08-29,26.21,1.1718
2022-08-30,26.21,1.1651
2022-08-31,25.87,1.1647
2022-09-01,25.56,1.1541
2022-09-02,25.47,1.1582
2022-09-05,25.99,
2022-09-06,26.91,1.1549
2022-09-07,24.64,1.1473
2022-09-08,23.61,1.1489
2022-09-09,22.79,1.16
2022-09-12,23.87,1.1701
2022-09-13,27.27,1.1526
2022-09-14,26.16,1.1564
2022-09-15,26.27,1.1472
2022-09-16,26.3,1.1419
2022-09-19,25.76,1.1403
2022-09-20,27.16,1.1405
2022-09-21,27.99,1.133
2022-09-22,27.35,1.1269
2022-09-23,29.92,1.0921
2022-09-26,32.26,1.0703
2022-09-27,32.6,1.0753
2022-09-28,30.18,1.0832
2022-09-29,31.84,1.1048
2022-09-30,31.62,1.1134
2022-10-03,30.1,1.1272
2022-10-04,29.07,1.1446
2022-10-05,28.55,1.1275
2022-10-06,30.52,1.1133
2022-10-07,31.36,1.1116
2022-10-10,32.45,
2022-10-11,33.63,1.1168
2022-10-12,33.57,1.1096
2022-10-13,31.94,1.1344
2022-10-14,32.02,1.1208
2022-10-17,31.37,1.1427
2022-10-18,30.5,1.1307
2022-10-19,30.76,1.1232
2022-10-20,29.98,1.1288
2022-10-21,29.69,1.1292
2022-10-24,29.85,1.1295
2022-10-25,28.46,1.1469
2022-10-26,27.28,1.1615
2022-10-27,27.39,1.1574
2022-10-28,25.75,1.1573
2022-10-31,25.88,1.1515
2022-11-01,25.81,1.146
2022-11-02,25.86,1.1467
2022-11-03,25.3,1.1183
2022-11-04,24.55,1.1279
2022-11-07,24.35,1.1463
2022-11-08,25.54,1.1595
2022-11-09,26.09,1.1396
2022-11-10,23.53,1.1677
2022-11-11,22.52,
2022-11-14,23.73,1.1728
2022-11-15,24.54,1.189
2022-11-16,24.11,1.1889
2022-11-17,23.93,1.1812
2022-11-18,23.12,1.1902
2022-11-21,22.36,1.1785
2022-11-22,21.29,1.188
2022-11-23,20.35,1.204
2022-11-24,20.42,
2022-11-25,20.5,1.2102
2022-11-28,22.21,1.2041
2022-11-29,21.89,1.1996
2022-11-30,20.58,1.1962
2022-12-01,19.84,1.2252
2022-12-02,19.06,1.2292
2022-12-05,20.75,1.2169
2022-12-06,22.17,1.2202
2022-12-07,22.68,1.2194
2022-12-08,22.29,1.2235
2022-12-09,22.83,1.2311
2022-12-12,25.0,1.2285
2022-12-13,22.55,1.2375
2022-12-14,21.14,1.2408
2022-12-15,22.83,1.2206
2022-12-16,22.62,1.2168
2022-12-19,22.42,1.218
2022-12-20,21.48,1.2146
2022-12-21,20.07,1.2072
2022-12-22,21.97,1.2032
2022-12-23,20.87,1.2054
2022-12-26,,
2022-12-27,21.65,1.2032
2022-12-28,22.14,1.2034
2022-12-29,21.44,1.206
2022-12-30,21.67,1.2077
2023-01-02,,
2023-01-03,22.9,1.197
2023-01-04,22.01,1.2063
2023-01-05,22.46,1.1902
2023-01-06,21.13,1.2064
2023-01-09,21.97,1.2206
2023-01-10,20.58,1.2155
2023-01-11,21.09,1.2125
2023-01-12,18.83,1.2182
2023-01-13,18.35,1.2194
2023-01-16,19.49,
2023-01-17,19.36,1.2264
2023-01-18,20.34,1.2369
2023-01-19,20.52,1.2366
2023-01-20,19.85,1.2374
2023-01-23,19.81,1.237
2023-01-24,19.2,1.2323
2023-01-25,19.08,1.2374
2023-01-26,18.73,1.237
2023-01-27,18.51,1.2379
2023-01-30,19.94,1.2373
2023-01-31,19.4,1.2324
2023-02-01,17.87,1.2308
2023-02-02,18.73,1.226
2023-02-03,18.33,1.2073
2023-02-06,19.43,1.2009
2023-02-07,18.66,1.2013
2023-02-08,19.63,1.2093
2023-02-09,20.71,1.2157
2023-02-10,20.53,1.2061
2023-02-13,20.34,1.2136
2023-02-14,18.91,1.2157
2023-02-15,18.23,1.2031
2023-02-16,20.17,1.2018
2023-02-17,20.02,1.2012
2023-02-20,21.23,
2023-02-21,22.87,1.2111
2023-02-22,22.29,1.2064
2023-02-23,21.14,1.2016
2023-02-24,21.67,1.1948
2023-02-27,20.95,1.2036
2023-02-28,20.7,1.2093
2023-03-01,20.58,1.2034
2023-03-02,19.59,1.1942
2023-03-03,18.49,1.1996
2023-03-06,18.61,1.2048
2023-03-07,19.59,1.1857
2023-03-08,19.11,1.1837
2023-03-09,22.61,1.1922
2023-03-10,24.8,1.2043
2023-03-13,26.52,1.216
2023-03-14,23.73,1.2146
2023-03-15,26.14,1.2032
2023-03-16,22.99,1.2111
2023-03-17,25.51,1.2141
2023-03-20,24.15,1.2257
2023-03-21,21.38,1.2195
2023-03-22,22.26,1.2232
2023-03-23,22.61,1.2322
2023-03-24,21.74,1.2225
2023-03-27,20.6,1.2278
2023-03-28,19.97,1.2341
2023-03-29,19.12,1.2313
2023-03-30,19.02,1.2368
2023-03-31,18.7,1.2369
2023-04-03,18.55,1.2403
2023-04-04,19.0,1.2498
2023-04-05,19.08,1.2469
2023-04-06,18.4,1.2456
2023-04-07,,1.2422
2023-04-10,18.97,1.2358
2023-04-11,19.1,1.2409
2023-04-12,19.09,1.2471
2023-04-13,17.8,1.2531
2023-04-14,17.07,1.2417
2023-04-17,16.95,1.2359
2023-04-18,16.83,1.2419
2023-04-19,16.46,1.2442
2023-04-20,17.17,1.2448
2023-04-21,16.77,1.2419
2023-04-24,16.89,1.2457
2023-04-25,18.76,1.2398
2023-04-26,18.84,1.2486
2023-04-27,17.03,1.2471
2023-04-28,15.78,1.2582
2023-05-01,16.08,1.2495
2023-05-02,17.78,1.2475
2023-05-03,18.34,1.2547
2023-05-04,20.09,1.258
2023-05-05,17.19,1.265
2023-05-08,16.98,1.2633
2023-05-09,17.71,1.2618
2023-05-10,16.94,1.2614
2023-05-11,16.93,1.2501
2023-05-12,17.03,1.2464
2023-05-15,17.12,1.2526
2023-05-16,17.99,1.2494
2023-05-17,16.87,1.2475
2023-05-18,16.05,1.2424
2023-05-19,16.81,1.2464
2023-05-22,17.21,1.2425
2023-05-23,18.53,1.2423
2023-05-24,20.03,1.2368
2023-05-25,19.14,1.2325
2023-05-26,17.95,1.2342
2023-05-29,17.46,
2023-05-30,17.46,1.2403
2023-05-31,17.94,1.2396
2023-06-01,15.65,1.2536
2023-06-02,14.6,1.2468
2023-06-05,14.73,1.244
2023-06-06,13.96,1.2418
2023-06-07,13.94,1.2451
2023-06-08,13.65,1.2547
2023-06-09,13.83,1.2579
2023-06-12,15.01,1.2489
2023-06-13,14.61,1.2611
2023-06-14,13.88,1.2696
2023-06-15,14.5,1.2762
2023-06-16,13.54,1.2815
2023-06-19,14.19,
2023-06-20,13.88,1.2732
2023-06-21,13.2,1.2737
2023-06-22,12.91,1.275
2023-06-23,13.44,1.2701
2023-06-26,14.25,1.2724
2023-06-27,13.74,1.2752
2023-06-28,13.43,1.2637
2023-06-29,13.54,1.2617
2023-06-30,13.59,1.2709
2023-07-03,13.57,1.2695
2023-07-04,13.7,
2023-07-05,14.18,1.271
2023-07-06,15.44,1.2721
2023-07-07,14.83,1.2838
2023-07-10,15.07,1.2837
2023-07-11,14.84,1.2901
2023-07-12,13.54,1.2993
2023-07-13,13.61,1.3097
2023-07-14,13.34,1.3113
2023-07-17,13.48,1.3078
2023-07-18,13.3,1.3054
2023-07-19,13.76,1.2898
2023-07-20,13.99,1.2849
2023-07-21,13.6,1.2854
2023-07-24,13.91,1.2828
2023-07-25,13.86,1.2876
2023-07-26,13.19,1.293
2023-07-27,14.41,1.287
2023-07-28,13.33,1.287
2023-07-31,13.63,1.2857
2023-08-01,13.93,1.275
2023-08-02,16.09,1.2712
2023-08-03,15.92,1.2709
2023-08-04,17.1,1.2775
2023-08-07,15.77,1.2769
2023-08-08,15.99,1.2729
2023-08-09,15.96,1.2715
2023-08-10,15.85,1.2726
2023-08-11,14.84,1.2694
2023-08-14,14.82,1.2691
2023-08-15,16.46,1.2745
2023-08-16,16.78,1.2749
2023-08-17,17.89,1.2753
2023-08-18,17.3,1.2738
2023-08-21,17.13,1.2737
2023-08-22,16.97,1.2733
2023-08-23,15.98,1.2715
2023-08-24,17.2,1.2634
2023-08-25,15.68,1.257
2023-08-28,15.08,1.2592
2023-08-29,14.45,1.2614
2023-08-30,13.88,1.2726
2023-08-31,13.57,1.2667
2023-09-01,13.09,1.2594
2023-09-04,13.82,
2023-09-05,14.01,1.2583
2023-09-06,14.45,1.2498
2023-09-07,14.4,1.2485
2023-09-08,13.84,1.2476
2023-09-11,13.8,1.2529
2023-09-12,14.23,1.2477
2023-09-13,13.48,1.2488
2023-09-14,12.82,1.241
2023-09-15,13.79,1.2392
2023-09-18,14.0,1.2403
2023-09-19,14.11,1.2393
2023-09-20,15.14,1.2389
2023-09-21,17.54,1.2299
2023-09-22,17.2,1.2257
2023-09-25,16.9,1.2218
2023-09-26,18.94,1.2168
2023-09-27,18.22,1.2133
2023-09-28,17.34,1.2223
2023-09-29,17.52,1.2214
2023-10-02,17.61,1.213
2023-10-03,19.78,1.2069
2023-10-04,18.58,1.2157
2023-10-05,18.49,1.2171
2023-10-06,17.45,1.2255
2023-10-09,17.7,
2023-10-10,17.03,1.2288
2023-10-11,16.09,1.2304
2023-10-12,16.69,1.2214
2023-10-13,19.32,1.2139
2023-10-16,17.21,1.2198
2023-10-17,17.88,1.2206
2023-10-18,19.22,1.215
2023-10-19,21.4,1.2145
2023-10-20,21.71,1.2153
2023-10-23,20.37,1.2235
2023-10-24,18.97,1.217
2023-10-25,20.19,1.214
2023-10-26,20.68,1.2113
2023-10-27,21.27,1.2151
2023-10-30,19.75,1.2157
2023-10-31,18.14,1.2135
2023-11-01,16.87,1.2127
2023-11-02,15.66,1.2175
2023-11-03,14.91,1.2374
2023-11-06,14.89,1.2391
2023-11-07,14.81,1.2296
2023-11-08,14.45,1.2301
2023-11-09,15.29,1.2279
2023-11-10,14.17,
2023-11-13,14.76,1.2268
2023-11-14,14.16,1.2483
2023-11-15,14.18,1.2431
2023-11-16,14.32,1.2423
2023-11-17,13.8,1.243
2023-11-20,13.41,1.2505
2023-11-21,13.35,1.254
2023-11-22,12.85,1.2468
2023-11-23,12.8,
2023-11-24,12.46,1.2601
2023-11-27,12.69,1.2613
2023-11-28,12.69,1.2713
2023-11-29,12.98,1.269
2023-11-30,12.92,1.264
2023-12-01,12.63,1.2682
2023-12-04,13.08,1.2633
2023-12-05,12.85,1.259
2023-12-06,12.97,1.2589
2023-12-07,13.06,1.2582
2023-12-08,12.35,1.2539
2023-12-11,12.63,1.255
2023-12-12,12.07,1.2549
2023-12-13,12.19,1.2527
2023-12-14,12.48,1.2767
2023-12-15,12.28,1.2709
2023-12-18,12.56,1.2632
2023-12-19,12.53,1.2751
2023-12-20,13.67,1.266
2023-12-21,13.65,1.2668
2023-12-22,13.03,1.272
2023-12-25,,
2023-12-26,12.99,1.2709
2023-12-27,12.43,1.2797
2023-12-28,12.47,1.2743
2023-12-29,12.45,1.2743
2024-01-01,,
2024-01-02,13.2,1.2632
2024-01-03,14.04,1.2641
2024-01-04,14.13,1.2692
2024-01-05,13.35,1.274
2024-01-08,13.08,1.2766
2024-01-09,12.76,1.272
2024-01-10,12.69,1.273
2024-01-11,12.44,1.2712
2024-01-12,12.7,1.2746
2024-01-15,13.25,
2024-01-16,13.84,1.2657
2024-01-17,14.79,1.2666
2024-01-18,14.13,1.2687
2024-01-19,13.3,1.2677
2024-01-22,13.19,1.2728
2024-01-23,12.55,1.2661
2024-01-24,13.14,1.2754
2024-01-25,13.45,1.27
2024-01-26,13.26,1.272
2024-01-29,13.6,1.2681
2024-01-30,13.31,1.2683
2024-01-31,14.35,1.2733
2024-02-01,13.88,1.2727
2024-02-02,13.85,1.2627
2024-02-05,13.67,1.2532
2024-02-06,13.06,1.2589
2024-02-07,12.83,1.2629
2024-02-08,12.79,1.262
2024-02-09,12.93,1.2628
2024-02-12,13.93,1.2631
2024-02-13,15.85,1.2606
2024-02-14,14.38,1.2562
2024-02-15,14.01,1.258
2024-02-16,14.24,1.259
2024-02-19,14.71,
2024-02-20,15.42,1.2645
2024-02-21,15.34,1.2624
2024-02-22,14.54,1.2649
2024-02-23,13.75,1.2678
2024-02-26,13.74,1.2681
2024-02-27,13.43,1.2693
2024-02-28,13.84,1.267
2024-02-29,13.4,1.2632
2024-03-01,13.11,1.2652
2024-03-04,13.49,1.2701
2024-03-05,14.46,1.2712
2024-03-06,14.5,1.2757
2024-03-07,14.44,1.2796
2024-03-08,14.74,1.2852
2024-03-11,15.22,1.2807
2024-03-12,13.84,1.2786
2024-03-13,13.75,1.2799
2024-03-14,14.4,1.2749
2024-03-15,14.41,1.2742
2024-03-18,14.33,1.2736
2024-03-19,13.82,1.2713
2024-03-20,13.04,1.2713
2024-03-21,12.92,1.267
2024-03-22,13.06,1.2603
2024-03-25,13.19,1.2648
2024-03-26,13.24,1.263
2024-03-27,12.78,1.2631
2024-03-28,13.01,1.2634
2024-03-29,,1.2637
2024-04-01,13.65,1.2545
2024-04-02,14.61,1.2576
2024-04-03,14.33,1.2635
2024-04-04,16.35,1.2669
2024-04-05,16.03,1.2633
2024-04-08,15.19,1.2655
2024-04-09,14.98,1.2676
2024-04-10,15.8,1.2544
2024-04-11,14.91,1.2535
2024-04-12,17.31,1.2457
2024-04-15,19.23,1.2466
2024-04-16,18.4,1.2437
2024-04-17,18.21,1.2443
2024-04-18,18.0,1.2465
2024-04-19,18.71,1.2397
2024-04-22,16.94,1.2341
2024-04-23,15.69,1.2434
2024-04-24,15.97,1.2434
2024-04-25,15.37,1.2494
2024-04-26,15.03,1.2474
2024-04-29,14.67,1.2553
2024-04-30,15.65,1.2514
2024-05-01,15.39,1.2488
2024-05-02,14.68,1.2507
2024-05-03,13.49,1.255
2024-05-06,13.49,1.2575
2024-05-07,13.23,1.2535
2024-05-08,13.0,1.2503
2024-05-09,12.69,1.2505
2024-05-10,12.55,1.2528
2024-05-13,13.6,1.2563
2024-05-14,13.42,1.2588
2024-05-15,12.45,1.2658
2024-05-16,12.42,1.2682
2024-05-17,11.99,1.2703
2024-05-20,12.15,1.2708
2024-05-21,11.86,1.271
2024-05-22,12.29,1.2739
2024-05-23,12.77,1.2717
2024-05-24,11.93,1.2746
2024-05-27,12.36,
2024-05-28,12.92,1.2786
2024-05-29,14.28,1.2714
2024-05-30,14.47,1.2739
2024-05-31,12.92,1.2738
2024-06-03,13.11,1.2795
2024-06-04,13.16,1.2785
2024-06-05,12.63,1.2771
2024-06-06,12.58,1.2786
2024-06-07,12.22,1.2727
2024-06-10,12.74,1.2733
2024-06-11,12.85,1.2725
2024-06-12,12.04,1.2843
2024-06-13,11.94,1.2764
2024-06-14,12.66,1.2685
2024-06-17,12.75,1.2689
2024-06-18,12.3,1.2699
2024-06-19,12.48,
2024-06-20,13.28,1.2671
2024-06-21,13.2,1.2645
2024-06-24,13.33,1.2684
2024-06-25,12.84,1.2677
2024-06-26,12.55,1.2625
2024-06-27,12.24,1.2653
2024-06-28,12.44,1.264
2024-07-01,12.22,1.265
2024-07-02,12.03,1.2679
2024-07-03,12.09,1.2766
2024-07-04,12.26,
2024-07-05,12.48,1.2807
2024-07-08,12.37,1.2829
2024-07-09,12.51,1.2787
2024-07-10,12.85,1.2842
2024-07-11,12.92,1.292
2024-07-12,12.46,1.2986
2024-07-15,13.12,1.2986
2024-07-16,13.19,1.2958
2024-07-17,14.48,1.3008
2024-07-18,15.93,1.2973
2024-07-19,16.52,1.2922
2024-07-22,14.91,1.2911
2024-07-23,14.72,1.2916
2024-07-24,18.04,1.2925
2024-07-25,18.46,1.2884
2024-07-26,16.39,1.2864
2024-07-29,16.6,1.2853
2024-07-30,17.69,1.2828
2024-07-31,16.36,1.284
2024-08-01,18.59,1.2772
2024-08-02,23.39,1.2798
2024-08-05,38.57,1.2765
2024-08-06,27.71,1.2695
2024-08-07,27.85,1.2718
2024-08-08,23.79,1.2741
2024-08-09,20.37,1.2766
2024-08-12,20.71,1.2776
2024-08-13,18.12,1.2828
2024-08-14,16.19,1.2849
2024-08-15,15.23,1.2863
2024-08-16,14.8,1.2906
2024-08-19,14.65,1.2984
2024-08-20,15.88,1.3027
2024-08-21,16.27,1.3077
2024-08-22,17.55,1.3094
2024-08-23,15.86,1.3197
2024-08-26,16.15,1.3185
2024-08-27,15.43,1.3235
2024-08-28,17.11,1.3201
2024-08-29,15.65,1.3186
2024-08-30,15.0,1.3132
2024-09-02,15.55,
2024-09-03,20.72,1.3103
2024-09-04,21.32,1.3142
2024-09-05,19.9,1.3165
2024-09-06,22.38,1.3136
2024-09-09,19.45,1.3083
2024-09-10,19.08,1.3065
2024-09-11,17.69,1.3027
2024-09-12,17.07,1.3081
2024-09-13,16.56,1.314
2024-09-16,17.14,1.3202
2024-09-17,17.61,1.3164
2024-09-18,18.23,1.3199
2024-09-19,16.33,1.3279
2024-09-20,16.15,1.3305
2024-09-23,15.89,1.3351
2024-09-24,15.39,1.3376
2024-09-25,15.41,1.3338
2024-09-26,15.37,1.3428
2024-09-27,16.96,1.3394
2024-09-30,16.73,1.3399
2024-10-01,19.26,1.3282
2024-10-02,18.9,1.3271
2024-10-03,20.49,1.3114
2024-10-04,19.21,1.3107
2024-10-07,22.64,1.308
2024-10-08,21.42,1.3093
2024-10-09,20.86,1.308
2024-10-10,20.93,1.3053
2024-10-11,20.46,1.307
2024-10-14,19.7,
2024-10-15,20.64,1.3083
2024-10-16,19.58,1.3
2024-10-17,19.11,1.3008
2024-10-18,18.03,1.3022
2024-10-21,18.37,1.298
2024-10-22,18.2,1.2969
2024-10-23,19.24,1.2944
2024-10-24,19.08,1.2964
2024-10-25,20.33,1.2978
2024-10-28,19.8,1.2981
2024-10-29,19.34,1.3005
2024-10-30,20.35,1.3012
2024-10-31,23.16,1.2856
2024-11-01,21.88,1.2959
2024-11-04,21.98,1.2942
2024-11-05,20.49,1.3015
2024-11-06,16.27,1.2897
2024-11-07,15.2,1.2985
2024-11-08,14.94,1.2905
2024-11-11,14.97,
2024-11-12,14.71,1.2733
2024-11-13,14.02,1.2709
2024-11-14,14.31,1.2706
2024-11-15,16.14,1.2629
2024-11-18,15.58,1.2664
2024-11-19,16.35,1.2667
2024-11-20,17.16,1.2639
2024-11-21,16.87,1.2586
2024-11-22,15.24,1.2516
2024-11-25,14.6,1.2554
2024-11-26,14.1,1.2547
2024-11-27,14.1,1.2678
2024-11-28,13.9,
2024-11-29,13.51,1.2699
2024-12-02,13.34,1.2639
2024-12-03,13.3,1.2677
2024-12-04,13.45,1.2712
2024-12-05,13.54,1.2754
2024-12-06,12.77,1.2744
2024-12-09,14.19,1.2783
2024-12-10,14.18,1.2758
2024-12-11,13.58,1.2763
2024-12-12,13.92,1.2715
2024-12-13,13.81,1.2629
2024-12-16,14.69,1.269
2024-12-17,15.87,1.2718
2024-12-18,27.62,1.2696
2024-12-19,24.09,1.253
2024-12-20,18.36,1.2587
2024-12-23,16.78,1.2529
2024-12-24,14.27,1.2528
2024-12-25,,
2024-12-26,14.73,1.2522
2024-12-27,15.95,1.2573
2024-12-30,17.4,1.2523
2024-12-31,17.35,1.2521
2025-01-01,,
2025-01-02,17.93,1.2376
2025-01-03,16.13,1.2419
2025-01-06,16.04,1.253
2025-01-07,17.82,1.2499
2025-01-08,17.7,1.2366
2025-01-09,18.07,1.2303
2025-01-10,19.54,1.2215
2025-01-13,19.19,1.2158
2025-01-14,18.71,1.2188
2025-01-15,16.12,1.2214
2025-01-16,16.6,1.2246
2025-01-17,15.97,1.2181
2025-01-20,15.81,
2025-01-21,15.06,1.2331
2025-01-22,15.1,1.2324
2025-01-23,15.02,1.2347
2025-01-24,14.85,1.2496
2025-01-27,17.9,1.2479
2025-01-28,16.41,1.2433
2025-01-29,16.56,1.2435
2025-01-30,15.84,1.2453
2025-01-31,16.43,1.2447
2025-02-03,18.62,1.2389
2025-02-04,17.21,1.2487
2025-02-05,15.77,1.2516
2025-02-06,15.5,1.2435
2025-02-07,16.54,1.2396
2025-02-10,15.81,1.2385
2025-02-11,16.02,1.2423
2025-02-12,15.89,1.2444
2025-02-13,15.1,1.2528
2025-02-14,14.77,1.2609
2025-02-17,15.37,
2025-02-18,15.35,1.2614
2025-02-19,15.27,1.2571
2025-02-20,15.66,1.2643
2025-02-21,18.21,1.2647
2025-02-24,18.98,1.264
2025-02-25,19.43,1.2652
2025-02-26,19.1,1.2696
2025-02-27,21.13,1.2628
2025-02-28,19.63,1.2591
2025-03-03,22.78,1.2711
2025-03-04,23.51,1.2726
2025-03-05,21.93,1.2864
2025-03-06,24.87,1.2894
2025-03-07,23.37,1.2918
2025-03-10,27.86,1.2909
2025-03-11,26.92,1.2948
2025-03-12,24.23,1.297
2025-03-13,24.66,1.2945
2025-03-14,21.77,1.2917
2025-03-17,20.51,1.2988
2025-03-18,21.7,1.2987
2025-03-19,19.9,1.2969
2025-03-20,19.8,1.2973
2025-03-21,19.28,1.2896
2025-03-24,17.48,1.2913
2025-03-25,17.15,1.2948
2025-03-26,18.33,1.2889
2025-03-27,18.69,1.2963
2025-03-28,21.65,1.2942
2025-03-31,22.28,1.2896
2025-04-01,21.77,1.2923
2025-04-02,21.51,1.2974
2025-04-03,30.02,1.3113
2025-04-04,45.31,1.2927
2025-04-07,46.98,1.2729
2025-04-08,52.33,1.2769
2025-04-09,33.62,1.2771
2025-04-10,40.72,1.294
2025-04-11,37.56,1.3051
2025-04-14,30.89,1.3176
2025-04-15,30.12,1.3223
2025-04-16,32.64,1.3247
2025-04-17,29.65,1.3259
2025-04-18,,1.3279
2025-04-21,33.82,1.3385
2025-04-22,30.57,1.3376
2025-04-23,28.45,1.3256
2025-04-24,26.47,1.3309
2025-04-25,24.84,1.3331
2025-04-28,25.15,1.3395
2025-04-29,24.17,1.3397
2025-04-30,24.7,1.3344
2025-05-01,24.6,1.3273
2025-05-02,22.68,1.3283
2025-05-05,23.64,1.3284
2025-05-06,24.76,1.3369
2025-05-07,23.55,1.3344
2025-05-08,22.48,1.3287
2025-05-09,21.9,1.3318
2025-05-12,18.39,1.3194
2025-05-13,18.22,1.328
2025-05-14,18.62,1.3303
2025-05-15,17.83,1.3292
2025-05-16,17.24,1.3257
2025-05-19,18.14,1.3357
2025-05-20,18.09,1.3371
2025-05-21,20.87,1.3447
2025-05-22,20.28,1.3426
2025-05-23,22.29,1.3511
2025-05-26,20.57,
2025-05-27,18.96,1.3505
2025-05-28,19.31,1.3462
2025-05-29,19.18,1.3489
2025-05-30,18.57,1.3468
2025-06-02,18.36,1.3549
2025-06-03,17.69,1.352
2025-06-04,17.61,1.357
2025-06-05,18.48,1.3584
2025-06-06,16.77,1.3532
2025-06-09,17.16,1.3563
2025-06-10,16.95,1.3508
2025-06-11,17.26,1.3556
2025-06-12,18.02,1.3589
2025-06-13,20.82,1.3594
2025-06-16,19.11,1.36
2025-06-17,21.6,1.3516
2025-06-18,20.14,1.3471
2025-06-19,22.17,
2025-06-20,20.62,1.3465
2025-06-23,19.83,1.3491
2025-06-24,17.48,1.3616
2025-06-25,16.76,1.3626
2025-06-26,16.59,1.3754
2025-06-27,16.32,1.372
2025-06-30,16.73,1.3722
2025-07-01,16.83,1.3728
2025-07-02,16.64,1.3623
2025-07-03,16.38,1.3656
2025-07-04,17.48,
2025-07-07,17.79,1.3638
2025-07-08,16.81,1.3575
2025-07-09,15.94,1.3585
2025-07-10,15.78,1.3569
2025-07-11,16.4,1.3503
2025-07-14,17.2,1.3437
2025-07-15,17.38,1.3396
2025-07-16,17.16,1.3426
2025-07-17,16.52,1.3413
2025-07-18,16.41,1.3439
2025-07-21,16.65,1.3498
2025-07-22,16.5,1.3522
2025-07-23,15.37,1.3566
2025-07-24,15.39,1.3524
2025-07-25,14.93,1.3429
2025-07-28,15.03,1.3393
2025-07-29,15.98,1.3339
2025-07-30,15.48,1.3274
2025-07-31,16.72,1.322
2025-08-01,20.38,1.3259
2025-08-04,17.52,1.329
2025-08-05,17.85,1.3309
2025-08-06,16.77,1.336
2025-08-07,16.57,1.3434
2025-08-08,15.15,1.3444
2025-08-11,16.25,1.3414
2025-08-12,14.73,1.3509
2025-08-13,14.49,1.3572
2025-08-14,14.83,1.3532
2025-08-15,15.09,1.3565
2025-08-18,14.99,1.3521
2025-08-19,15.57,1.3496
2025-08-20,15.69,1.345
2025-08-21,16.6,1.3417
2025-08-22,14.22,1.3528
2025-08-25,14.79,1.3491
2025-08-26,14.62,1.3485
2025-08-27,14.85,1.3468
2025-08-28,14.43,1.3516
2025-08-29,15.36,1.3511
2025-09-01,16.12,
2025-09-02,17.17,1.3392
2025-09-03,16.35,1.3448
2025-09-04,15.3,1.3441
2025-09-05,15.18,1.3543
2025-09-08,15.11,1.355
2025-09-09,15.04,1.3533
2025-09-10,15.35,1.3548
2025-09-11,14.71,1.3568
2025-09-12,14.76,1.3547
2025-09-15,15.69,1.3609
2025-09-16,16.36,1.3654
2025-09-17,15.72,1.3661
2025-09-18,15.7,1.3552
2025-09-19,15.45,1.3484
2025-09-22,16.1,1.3505
2025-09-23,16.64,1.3518
2025-09-24,16.18,1.345
2025-09-25,16.74,1.3351
2025-09-26,15.29,1.3404
2025-09-29,16.12,1.3433
2025-09-30,16.28,1.3443
2025-10-01,16.29,1.3474
2025-10-02,16.63,1.3423
2025-10-03,16.65,1.3481
2025-10-06,16.37,1.3476
2025-10-07,17.24,1.3441
2025-10-08,16.3,1.339
2025-10-09,16.43,1.3312
2025-10-10,21.66,1.3343
2025-10-13,19.03,
2025-10-14,20.81,1.3321
2025-10-15,20.64,1.3396
2025-10-16,25.31,1.3425
2025-10-17,20.78,1.3425
2025-10-20,18.23,1.342
2025-10-21,17.87,1.3391
2025-10-22,18.6,1.3372
2025-10-23,17.3,1.3323
2025-10-24,16.37,1.3298
2025-10-27,15.79,1.3331
2025-10-28,16.42,1.328
2025-10-29,16.92,1.3243
2025-10-30,16.91,1.3147
2025-10-31,17.44,1.3141
2025-11-03,17.17,1.315
2025-11-04,19.0,1.3044
2025-11-05,18.01,1.3051
2025-11-06,19.5,1.3107
2025-11-07,19.08,1.3165
2025-11-10,17.6,1.3157
2025-11-11,17.28,
2025-11-12,17.51,1.3131
2025-11-13,20.0,1.3214
2025-11-14,19.83,1.3156
2025-11-17,22.38,1.3179
2025-11-18,24.69,1.3152
2025-11-19,23.66,1.3077
2025-11-20,26.42,1.3079
2025-11-21,23.43,1.31
2025-11-24,20.52,1.3096
2025-11-25,18.56,1.3174
2025-11-26,17.19,1.3228
2025-11-27,17.21,
2025-11-28,16.35,1.3239
2025-12-01,17.24,1.3229
2025-12-02,16.59,1.3186
2025-12-03,16.08,1.3334
2025-12-04,15.78,1.3355
2025-12-05,15.41,1.3324
2025-12-08,16.66,1.3321
2025-12-09,16.93,1.332
2025-12-10,15.77,1.334
2025-12-11,14.85,1.3428
2025-12-12,15.74,1.3351
2025-12-15,16.5,1.338
2025-12-16,16.48,1.3429
2025-12-17,17.62,1.339
2025-12-18,16.87,1.3389
2025-12-19,14.91,1.3379
2025-12-22,14.08,1.3457
2025-12-23,14.0,1.3485
2025-12-24,13.47,1.3505
2025-12-25,,
2025-12-26,13.6,1.3492
2025-12-29,14.2,1.3497
2025-12-30,14.33,1.348
2025-12-31,14.95,1.3447
2026-01-01,,
2026-01-02,14.51,1.3481
2026-01-05,14.9,1.3527
2026-01-06,14.75,1.3497
2026-01-07,15.38,1.3474
2026-01-08,15.45,1.343
2026-01-09,14.49,1.3413
2026-01-12,15.12,1.3466
2026-01-13,15.98,1.3436
2026-01-14,16.75,1.3445
2026-01-15,15.84,1.3387
2026-01-16,15.86,1.3384
2026-01-19,18.84,
2026-01-20,20.09,1.3472
2026-01-21,16.9,1.343
2026-01-22,15.64,1.3489
2026-01-23,16.09,1.359
2026-01-26,16.15,1.3699
2026-01-27,16.35,1.3782
2026-01-28,16.35,1.3787
2026-01-29,16.88,1.3795
2026-01-30,17.44,1.3729
2026-02-02,16.34,1.3654
2026-02-03,18.0,1.3701
2026-02-04,18.64,1.3659
2026-02-05,21.77,1.3551
2026-02-06,17.76,1.3606
2026-02-09,17.36,1.3667
2026-02-10,17.79,1.3664
2026-02-11,17.65,1.3654
2026-02-12,20.82,1.3632
2026-02-13,20.6,1.3644
2026-02-16,21.2,
2026-02-17,20.29,1.354
2026-02-18,19.62,1.3536
2026-02-19,20.23,1.3446
2026-02-20,19.09,1.35
2026-02-23,21.01,1.3509
2026-02-24,19.55,1.3531
2026-02-25,17.93,1.3552
2026-02-26,18.63,1.3504
2026-02-27,19.86,1.3455
2026-03-02,21.44,1.3393
2026-03-03,23.57,1.333
2026-03-04,21.15,1.337
2026-03-05,23.75,1.332
2026-03-06,29.49,1.3398
2026-03-09,25.5,1.3395
2026-03-10,24.93,1.346
2026-03-11,24.23,1.3399
2026-03-12,27.29,1.335
2026-03-13,27.19,1.324
2026-03-16,23.51,1.3302
2026-03-17,22.37,1.3345
2026-03-18,25.09,1.3323
2026-03-19,24.06,1.3361
2026-03-20,26.78,1.3303
2026-03-23,26.15,1.3385
2026-03-24,26.95,1.3383
2026-03-25,25.33,1.3373
2026-03-26,27.44,1.3353
2026-03-27,31.05,1.3293
2026-03-30,30.61,
2026-03-31,25.25,
2026-04-01,24.54,
