,us_tips_5yr,us_tips_10yr,us_breakeven_10yr,us_5y5y_forward
2016-01-01,,,,
2016-01-04,0.42,0.69,1.55,1.79
2016-01-05,0.42,0.69,1.56,1.81
2016-01-06,0.39,0.65,1.53,1.8
2016-01-07,0.36,0.66,1.5,1.75
2016-01-08,0.34,0.65,1.48,1.73
2016-01-11,0.39,0.72,1.45,1.71
2016-01-12,0.36,0.69,1.43,1.67
2016-01-13,0.33,0.65,1.43,1.68
2016-01-14,0.32,0.67,1.43,1.66
2016-01-15,0.34,0.67,1.36,1.6
2016-01-18,,,,
2016-01-19,0.33,0.68,1.38,1.6
2016-01-20,0.34,0.69,1.32,1.54
2016-01-21,0.36,0.74,1.28,1.48
2016-01-22,0.34,0.72,1.35,1.55
2016-01-25,0.32,0.69,1.34,1.53
2016-01-26,0.28,0.65,1.36,1.55
2016-01-27,0.25,0.62,1.4,1.62
2016-01-28,0.2,0.58,1.42,1.64
2016-01-29,0.14,0.53,1.41,1.63
2016-02-01,0.18,0.57,1.4,1.6
2016-02-02,0.14,0.51,1.36,1.58
2016-02-03,0.11,0.5,1.38,1.6
2016-02-04,0.12,0.51,1.36,1.59
2016-02-05,0.18,0.53,1.33,1.59
2016-02-08,0.19,0.52,1.23,1.49
2016-02-09,0.22,0.53,1.21,1.49
2016-02-10,0.2,0.5,1.21,1.47
2016-02-11,0.17,0.45,1.18,1.42
2016-02-12,0.17,0.49,1.25,1.47
2016-02-15,,,,
2016-02-16,0.2,0.53,1.25,1.47
2016-02-17,0.22,0.53,1.28,1.52
2016-02-18,0.19,0.51,1.24,1.46
2016-02-19,0.18,0.5,1.26,1.46
2016-02-22,0.14,0.46,1.31,1.51
2016-02-23,0.1,0.42,1.32,1.51
2016-02-24,0.06,0.39,1.36,1.57
2016-02-25,-0.02,0.32,1.39,1.6
2016-02-26,0.03,0.35,1.41,1.62
2016-02-29,-0.01,0.32,1.42,1.61
2016-03-01,0.02,0.35,1.48,1.67
2016-03-02,0.0,0.33,1.51,1.68
2016-03-03,-0.03,0.3,1.53,1.7
2016-03-04,0.02,0.37,1.51,1.66
2016-03-07,0.06,0.43,1.48,1.6
2016-03-08,0.01,0.37,1.46,1.59
2016-03-09,0.02,0.39,1.51,1.65
2016-03-10,0.1,0.45,1.48,1.61
2016-03-11,0.08,0.44,1.54,1.67
2016-03-14,0.11,0.45,1.52,1.66
2016-03-15,0.15,0.47,1.5,1.65
2016-03-16,-0.04,0.36,1.58,1.71
2016-03-17,-0.07,0.34,1.57,1.68
2016-03-18,-0.13,0.27,1.61,1.75
2016-03-21,-0.12,0.28,1.64,1.78
2016-03-22,-0.06,0.31,1.63,1.78
2016-03-23,-0.07,0.3,1.58,1.72
2016-03-24,-0.03,0.34,1.57,1.72
2016-03-25,,,,
2016-03-28,-0.03,0.33,1.56,1.72
2016-03-29,-0.18,0.2,1.61,1.75
2016-03-30,-0.26,0.18,1.65,1.78
2016-03-31,-0.28,0.16,1.62,1.75
2016-04-01,-0.25,0.17,1.62,1.75
2016-04-04,-0.26,0.14,1.64,1.8
2016-04-05,-0.26,0.14,1.59,1.75
2016-04-06,-0.23,0.17,1.59,1.75
2016-04-07,-0.27,0.12,1.58,1.75
2016-04-08,-0.27,0.14,1.58,1.73
2016-04-11,-0.25,0.17,1.56,1.71
2016-04-12,-0.17,0.22,1.57,1.75
2016-04-13,-0.21,0.21,1.56,1.69
2016-04-14,-0.16,0.24,1.56,1.7
2016-04-15,-0.2,0.2,1.56,1.7
2016-04-18,-0.17,0.21,1.57,1.73
2016-04-19,-0.2,0.19,1.6,1.74
2016-04-20,-0.17,0.23,1.62,1.75
2016-04-21,-0.21,0.24,1.64,1.72
2016-04-22,-0.19,0.25,1.64,1.72
2016-04-25,-0.18,0.26,1.65,1.74
2016-04-26,-0.16,0.27,1.67,1.78
2016-04-27,-0.24,0.19,1.68,1.79
2016-04-28,-0.33,0.12,1.72,1.83
2016-04-29,-0.32,0.12,1.71,1.82
2016-05-02,-0.26,0.2,1.68,1.78
2016-05-03,-0.29,0.17,1.64,1.74
2016-05-04,-0.29,0.16,1.63,1.74
2016-05-05,-0.32,0.13,1.63,1.74
2016-05-06,-0.28,0.18,1.61,1.71
2016-05-09,-0.3,0.18,1.59,1.68
2016-05-10,-0.33,0.15,1.62,1.71
2016-05-11,-0.33,0.14,1.59,1.65
2016-05-12,-0.29,0.15,1.6,1.67
2016-05-13,-0.3,0.13,1.58,1.64
2016-05-16,-0.27,0.15,1.6,1.67
2016-05-17,-0.27,0.15,1.61,1.66
2016-05-18,-0.13,0.26,1.61,1.68
2016-05-19,-0.13,0.29,1.56,1.61
2016-05-20,-0.13,0.29,1.56,1.61
2016-05-23,-0.11,0.3,1.54,1.59
2016-05-24,-0.1,0.31,1.55,1.59
2016-05-25,-0.11,0.29,1.58,1.65
2016-05-26,-0.16,0.25,1.58,1.65
2016-05-27,-0.12,0.27,1.58,1.65
2016-05-30,,,,
2016-05-31,-0.1,0.3,1.54,1.61
2016-06-01,-0.08,0.31,1.54,1.61
2016-06-02,-0.12,0.27,1.54,1.6
2016-06-03,-0.22,0.19,1.52,1.59
2016-06-06,-0.24,0.19,1.54,1.59
2016-06-07,-0.28,0.15,1.57,1.63
2016-06-08,-0.31,0.12,1.59,1.64
2016-06-09,-0.31,0.12,1.56,1.59
2016-06-10,-0.32,0.12,1.52,1.55
2016-06-13,-0.31,0.15,1.47,1.49
2016-06-14,-0.3,0.17,1.45,1.45
2016-06-15,-0.37,0.13,1.47,1.47
2016-06-16,-0.32,0.15,1.42,1.42
2016-06-17,-0.3,0.2,1.42,1.41
2016-06-20,-0.26,0.24,1.43,1.43
2016-06-21,-0.19,0.28,1.43,1.45
2016-06-22,-0.21,0.25,1.44,1.47
2016-06-23,-0.22,0.24,1.5,1.53
2016-06-24,-0.28,0.15,1.42,1.48
2016-06-27,-0.27,0.12,1.34,1.41
2016-06-28,-0.32,0.09,1.37,1.42
2016-06-29,-0.33,0.1,1.4,1.44
2016-06-30,-0.37,0.09,1.4,1.42
2016-07-01,-0.43,0.03,1.43,1.43
2016-07-04,,,,
2016-07-05,-0.45,-0.03,1.4,1.41
2016-07-06,-0.46,-0.05,1.43,1.45
2016-07-07,-0.44,-0.03,1.43,1.45
2016-07-08,-0.44,-0.06,1.43,1.47
2016-07-11,-0.38,0.01,1.42,1.43
2016-07-12,-0.36,0.07,1.46,1.46
2016-07-13,-0.36,0.03,1.45,1.47
2016-07-14,-0.34,0.08,1.45,1.46
2016-07-15,-0.29,0.11,1.49,1.54
2016-07-18,-0.27,0.1,1.49,1.57
2016-07-19,-0.27,0.12,1.44,1.49
2016-07-20,-0.25,0.13,1.46,1.52
2016-07-21,-0.27,0.05,1.52,1.66
2016-07-22,-0.23,0.06,1.51,1.66
2016-07-25,-0.19,0.08,1.5,1.66
2016-07-26,-0.18,0.07,1.5,1.67
2016-07-27,-0.21,0.03,1.49,1.67
2016-07-28,-0.24,0.0,1.52,1.71
2016-07-29,-0.28,-0.03,1.49,1.67
2016-08-01,-0.21,0.05,1.46,1.65
2016-08-02,-0.18,0.11,1.44,1.63
2016-08-03,-0.21,0.09,1.46,1.64
2016-08-04,-0.27,0.04,1.47,1.64
2016-08-05,-0.2,0.09,1.5,1.67
2016-08-08,-0.19,0.08,1.51,1.68
2016-08-09,-0.19,0.06,1.49,1.68
2016-08-10,-0.2,0.06,1.44,1.61
2016-08-11,-0.16,0.1,1.47,1.62
2016-08-12,-0.19,0.07,1.44,1.59
2016-08-15,-0.16,0.1,1.45,1.6
2016-08-16,-0.12,0.13,1.44,1.6
2016-08-17,-0.16,0.09,1.47,1.63
2016-08-18,-0.2,0.06,1.47,1.62
2016-08-19,-0.17,0.1,1.48,1.62
2016-08-22,-0.19,0.08,1.47,1.6
2016-08-23,-0.19,0.07,1.48,1.62
2016-08-24,-0.19,0.08,1.48,1.64
2016-08-25,-0.17,0.09,1.49,1.65
2016-08-26,-0.08,0.15,1.47,1.63
2016-08-29,-0.11,0.11,1.46,1.63
2016-08-30,-0.1,0.11,1.46,1.64
2016-08-31,-0.08,0.11,1.47,1.67
2016-09-01,-0.06,0.12,1.45,1.66
2016-09-02,-0.08,0.13,1.47,1.66
2016-09-05,,,,
2016-09-06,-0.16,0.06,1.49,1.69
2016-09-07,-0.18,0.03,1.51,1.72
2016-09-08,-0.15,0.09,1.52,1.7
2016-09-09,-0.09,0.17,1.5,1.68
2016-09-12,-0.12,0.17,1.51,1.69
2016-09-13,-0.05,0.24,1.49,1.67
2016-09-14,-0.09,0.21,1.49,1.68
2016-09-15,-0.11,0.22,1.49,1.67
2016-09-16,-0.13,0.19,1.51,1.68
2016-09-19,-0.13,0.2,1.5,1.65
2016-09-20,-0.13,0.2,1.49,1.65
2016-09-21,-0.17,0.15,1.51,1.65
2016-09-22,-0.22,0.08,1.55,1.7
2016-09-23,-0.26,0.05,1.57,1.72
2016-09-26,-0.27,0.05,1.54,1.68
2016-09-27,-0.26,0.04,1.52,1.66
2016-09-28,-0.31,0.01,1.56,1.68
2016-09-29,-0.32,0.02,1.54,1.64
2016-09-30,-0.31,0.0,1.6,1.75
2016-10-03,-0.29,0.0,1.63,1.79
2016-10-04,-0.23,0.07,1.62,1.79
2016-10-05,-0.22,0.1,1.62,1.76
2016-10-06,-0.21,0.11,1.64,1.79
2016-10-07,-0.24,0.1,1.63,1.76
2016-10-10,,,,
2016-10-11,-0.21,0.13,1.64,1.77
2016-10-12,-0.2,0.15,1.64,1.77
2016-10-13,-0.23,0.12,1.63,1.76
2016-10-14,-0.25,0.13,1.67,1.81
2016-10-17,-0.29,0.09,1.68,1.81
2016-10-18,-0.3,0.09,1.66,1.78
2016-10-19,-0.32,0.08,1.68,1.8
2016-10-20,-0.3,0.08,1.68,1.8
2016-10-21,-0.31,0.07,1.67,1.78
2016-10-24,-0.26,0.11,1.66,1.79
2016-10-25,-0.28,0.07,1.7,1.83
2016-10-26,-0.28,0.08,1.71,1.84
2016-10-27,-0.24,0.13,1.72,1.87
2016-10-28,-0.27,0.13,1.73,1.86
2016-10-31,-0.28,0.11,1.73,1.87
2016-11-01,-0.29,0.11,1.72,1.85
2016-11-02,-0.29,0.11,1.7,1.85
2016-11-03,-0.26,0.14,1.68,1.84
2016-11-04,-0.28,0.11,1.68,1.84
2016-11-07,-0.27,0.12,1.71,1.86
2016-11-08,-0.23,0.15,1.73,1.89
2016-11-09,-0.18,0.25,1.82,1.97
2016-11-10,-0.14,0.27,1.88,2.06
2016-11-11,,,,
2016-11-14,0.01,0.4,1.83,2.01
2016-11-15,0.01,0.41,1.82,1.97
2016-11-16,0.02,0.39,1.83,2.0
2016-11-17,0.02,0.42,1.87,2.03
2016-11-18,0.06,0.44,1.9,2.06
2016-11-21,0.05,0.42,1.91,2.08
2016-11-22,0.02,0.41,1.9,2.05
2016-11-23,0.09,0.44,1.92,2.1
2016-11-24,,,,
2016-11-25,0.09,0.47,1.89,2.04
2016-11-28,0.11,0.47,1.85,2.01
2016-11-29,0.09,0.44,1.86,2.03
2016-11-30,0.06,0.43,1.94,2.11
2016-12-01,0.09,0.48,1.97,2.13
2016-12-02,0.08,0.49,1.91,2.06
2016-12-05,0.05,0.45,1.94,2.09
2016-12-06,0.04,0.44,1.95,2.1
2016-12-07,0.02,0.42,1.92,2.06
2016-12-08,0.0,0.45,1.95,2.07
2016-12-09,0.06,0.51,1.96,2.09
2016-12-12,0.04,0.51,1.98,2.1
2016-12-13,0.06,0.53,1.95,2.04
2016-12-14,0.2,0.6,1.94,2.06
2016-12-15,0.32,0.7,1.9,2.02
2016-12-16,0.32,0.74,1.86,1.97
2016-12-19,0.29,0.68,1.86,1.98
2016-12-20,0.26,0.67,1.9,2.0
2016-12-21,0.3,0.64,1.91,2.08
2016-12-22,0.18,0.6,1.95,2.04
2016-12-23,0.2,0.58,1.97,2.1
2016-12-26,,,,
2016-12-27,0.19,0.58,1.99,2.1
2016-12-28,0.17,0.56,1.95,2.05
2016-12-29,0.15,0.55,1.94,2.07
2016-12-30,0.09,0.5,1.95,2.06
2017-01-02,,,,
2017-01-03,0.08,0.47,1.98,2.1
2017-01-04,0.08,0.47,1.99,2.12
2017-01-05,0.03,0.42,1.95,2.07
2017-01-06,0.08,0.46,1.96,2.08
2017-01-09,0.04,0.43,1.95,2.05
2017-01-10,0.05,0.43,1.95,2.06
2017-01-11,0.04,0.39,1.99,2.13
2017-01-12,0.0,0.38,1.98,2.09
2017-01-13,0.05,0.41,1.99,2.13
2017-01-16,,,,
2017-01-17,0.0,0.36,1.97,2.1
2017-01-18,0.07,0.42,2.0,2.14
2017-01-19,0.07,0.43,2.04,2.18
2017-01-20,0.03,0.44,2.04,2.16
2017-01-23,0.02,0.39,2.02,2.18
2017-01-24,0.01,0.41,2.06,2.19
2017-01-25,0.03,0.45,2.08,2.2
2017-01-26,0.01,0.43,2.08,2.22
2017-01-27,-0.02,0.41,2.08,2.2
2017-01-30,-0.01,0.42,2.07,2.19
2017-01-31,-0.04,0.4,2.05,2.16
2017-02-01,0.01,0.43,2.05,2.18
2017-02-02,-0.01,0.43,2.05,2.17
2017-02-03,0.02,0.44,2.05,2.19
2017-02-06,-0.05,0.4,2.02,2.13
2017-02-07,-0.02,0.4,2.0,2.13
2017-02-08,-0.01,0.38,1.96,2.1
2017-02-09,0.02,0.41,1.99,2.12
2017-02-10,0.02,0.4,2.01,2.15
2017-02-13,0.05,0.43,2.0,2.13
2017-02-14,0.11,0.46,2.01,2.15
2017-02-15,0.08,0.45,2.06,2.19
2017-02-16,0.05,0.43,2.02,2.14
2017-02-17,0.07,0.41,2.01,2.17
2017-02-20,,,,
2017-02-21,0.06,0.4,2.03,2.19
2017-02-22,0.0,0.38,2.04,2.16
2017-02-23,-0.03,0.35,2.03,2.16
2017-02-24,-0.1,0.31,2.0,2.1
2017-02-27,0.01,0.35,2.01,2.16
2017-02-28,0.0,0.34,2.02,2.15
2017-03-01,0.15,0.43,2.03,2.22
2017-03-02,0.19,0.48,2.01,2.18
2017-03-03,0.1,0.45,2.04,2.16
2017-03-06,0.12,0.48,2.01,2.12
2017-03-07,0.13,0.49,2.03,2.14
2017-03-08,0.18,0.56,2.01,2.12
2017-03-09,0.24,0.6,2.0,2.11
2017-03-10,0.21,0.57,2.01,2.12
2017-03-13,0.28,0.61,2.01,2.16
2017-03-14,0.25,0.61,1.99,2.1
2017-03-15,0.18,0.5,2.01,2.18
2017-03-16,0.18,0.51,2.02,2.17
2017-03-17,0.14,0.49,2.01,2.13
2017-03-20,0.14,0.47,2.0,2.14
2017-03-21,0.16,0.45,1.98,2.16
2017-03-22,0.16,0.43,1.97,2.15
2017-03-23,0.2,0.46,1.95,2.15
2017-03-24,0.2,0.42,1.98,2.23
2017-03-27,0.18,0.41,1.97,2.19
2017-03-28,0.24,0.45,1.97,2.21
2017-03-29,0.13,0.41,1.98,2.16
2017-03-30,0.15,0.46,1.96,2.11
2017-03-31,0.16,0.43,1.97,2.17
2017-04-03,0.15,0.39,1.96,2.19
2017-04-04,0.11,0.4,1.96,2.15
2017-04-05,0.08,0.37,1.97,2.17
2017-04-06,0.16,0.39,1.95,2.19
2017-04-07,0.22,0.44,1.94,2.18
2017-04-10,0.22,0.44,1.93,2.17
2017-04-11,0.14,0.41,1.91,2.12
2017-04-12,0.12,0.38,1.9,2.11
2017-04-13,0.03,0.32,1.92,2.1
2017-04-14,,,,
2017-04-17,0.1,0.38,1.88,2.07
2017-04-18,0.06,0.33,1.85,2.05
2017-04-19,0.08,0.36,1.85,2.04
2017-04-20,-0.04,0.39,1.85,1.88
2017-04-21,-0.02,0.4,1.84,1.89
2017-04-24,0.0,0.41,1.87,1.93
2017-04-25,0.02,0.44,1.91,1.97
2017-04-26,0.01,0.42,1.9,1.97
2017-04-27,0.0,0.39,1.91,2.01
2017-04-28,0.0,0.37,1.92,2.03
2017-05-01,0.04,0.41,1.92,2.04
2017-05-02,0.04,0.41,1.88,1.99
2017-05-03,0.1,0.46,1.87,1.98
2017-05-04,0.16,0.5,1.86,2.0
2017-05-05,0.14,0.5,1.86,1.97
2017-05-08,0.16,0.53,1.86,1.97
2017-05-09,0.2,0.56,1.86,1.98
2017-05-10,0.16,0.56,1.85,1.92
2017-05-11,0.11,0.51,1.88,1.94
2017-05-12,0.1,0.49,1.84,1.93
2017-05-15,0.12,0.52,1.82,1.9
2017-05-16,0.12,0.51,1.82,1.9
2017-05-17,0.06,0.44,1.78,1.86
2017-05-18,0.06,0.43,1.8,1.88
2017-05-19,0.04,0.41,1.82,1.89
2017-05-22,0.05,0.43,1.82,1.89
2017-05-23,0.07,0.46,1.83,1.89
2017-05-24,0.06,0.45,1.81,1.89
2017-05-25,0.08,0.45,1.8,1.9
2017-05-26,0.06,0.44,1.81,1.89
2017-05-29,,,,
2017-05-30,0.03,0.4,1.81,1.89
2017-05-31,0.03,0.4,1.81,1.9
2017-06-01,0.03,0.4,1.81,1.89
2017-06-02,-0.01,0.36,1.79,1.86
2017-06-05,0.02,0.39,1.79,1.86
2017-06-06,0.0,0.37,1.77,1.83
2017-06-07,0.05,0.4,1.78,1.87
2017-06-08,0.06,0.41,1.78,1.87
2017-06-09,0.09,0.43,1.78,1.88
2017-06-12,0.11,0.46,1.75,1.83
2017-06-13,0.12,0.46,1.75,1.83
2017-06-14,0.15,0.44,1.71,1.83
2017-06-15,0.2,0.49,1.67,1.78
2017-06-16,0.19,0.49,1.67,1.78
2017-06-19,0.24,0.52,1.67,1.78
2017-06-20,0.23,0.5,1.66,1.78
2017-06-21,0.24,0.5,1.66,1.78
2017-06-22,0.19,0.46,1.69,1.81
2017-06-23,0.18,0.45,1.7,1.81
2017-06-26,0.16,0.43,1.71,1.81
2017-06-27,0.21,0.5,1.71,1.8
2017-06-28,0.16,0.49,1.73,1.81
2017-06-29,0.23,0.55,1.72,1.82
2017-06-30,0.26,0.58,1.73,1.83
2017-07-03,0.27,0.6,1.75,1.84
2017-07-04,,,,
2017-07-05,0.27,0.58,1.75,1.85
2017-07-06,0.28,0.61,1.76,1.86
2017-07-07,0.32,0.66,1.73,1.83
2017-07-10,0.33,0.66,1.72,1.84
2017-07-11,0.31,0.62,1.75,1.89
2017-07-12,0.25,0.57,1.76,1.89
2017-07-13,0.25,0.58,1.77,1.9
2017-07-14,0.25,0.57,1.76,1.9
2017-07-17,0.22,0.54,1.77,1.9
2017-07-18,0.2,0.51,1.76,1.9
2017-07-19,0.18,0.51,1.76,1.87
2017-07-20,0.2,0.5,1.77,1.92
2017-07-21,0.19,0.48,1.76,1.9
2017-07-24,0.21,0.48,1.78,1.94
2017-07-25,0.23,0.52,1.81,1.95
2017-07-26,0.17,0.49,1.8,1.94
2017-07-27,0.16,0.49,1.83,1.98
2017-07-28,0.15,0.47,1.83,1.98
2017-07-31,0.17,0.48,1.82,1.97
2017-08-01,0.18,0.47,1.79,1.96
2017-08-02,0.19,0.48,1.79,1.95
2017-08-03,0.17,0.46,1.78,1.94
2017-08-04,0.17,0.47,1.8,1.95
2017-08-07,0.16,0.46,1.8,1.95
2017-08-08,0.15,0.46,1.83,1.97
2017-08-09,0.11,0.42,1.82,1.94
2017-08-10,0.1,0.4,1.8,1.92
2017-08-11,0.1,0.4,1.79,1.94
2017-08-14,0.18,0.45,1.77,1.95
2017-08-15,0.2,0.49,1.78,1.93
2017-08-16,0.17,0.45,1.78,1.94
2017-08-17,0.15,0.42,1.77,1.93
2017-08-18,0.16,0.43,1.76,1.91
2017-08-21,0.17,0.43,1.75,1.91
2017-08-22,0.19,0.45,1.77,1.93
2017-08-23,0.18,0.42,1.75,1.92
2017-08-24,0.18,0.44,1.75,1.9
2017-08-25,0.2,0.42,1.75,1.93
2017-08-28,0.18,0.41,1.75,1.94
2017-08-29,0.16,0.39,1.74,1.94
2017-08-30,0.15,0.39,1.76,1.95
2017-08-31,0.12,0.36,1.76,1.94
2017-09-01,0.1,0.37,1.79,1.95
2017-09-04,,,,
2017-09-05,0.07,0.3,1.77,1.96
2017-09-06,0.09,0.32,1.78,1.96
2017-09-07,0.02,0.26,1.79,1.97
2017-09-08,0.01,0.25,1.81,1.99
2017-09-11,0.08,0.31,1.83,2.03
2017-09-12,0.08,0.33,1.84,2.01
2017-09-13,0.1,0.35,1.85,2.02
2017-09-14,0.09,0.35,1.85,2.0
2017-09-15,0.09,0.35,1.85,1.98
2017-09-18,0.09,0.36,1.87,2.0
2017-09-19,0.1,0.37,1.87,2.0
2017-09-20,0.18,0.43,1.85,1.99
2017-09-21,0.19,0.44,1.83,1.96
2017-09-22,0.17,0.42,1.84,1.97
2017-09-25,0.13,0.38,1.84,1.96
2017-09-26,0.15,0.4,1.84,1.96
2017-09-27,0.17,0.44,1.87,2.0
2017-09-28,0.16,0.44,1.87,2.01
2017-09-29,0.24,0.49,1.84,2.0
2017-10-02,0.21,0.51,1.83,1.93
2017-10-03,0.24,0.49,1.84,2.0
2017-10-04,0.19,0.48,1.85,1.97
2017-10-05,0.2,0.49,1.86,1.98
2017-10-06,0.19,0.5,1.87,1.96
2017-10-09,,,,
2017-10-10,0.2,0.47,1.88,2.01
2017-10-11,0.2,0.46,1.89,2.03
2017-10-12,0.16,0.44,1.89,1.99
2017-10-13,0.2,0.43,1.85,1.99
2017-10-16,0.29,0.46,1.84,2.02
2017-10-17,0.28,0.48,1.82,1.95
2017-10-18,0.3,0.5,1.84,1.99
2017-10-19,0.32,0.49,1.84,2.02
2017-10-20,0.27,0.52,1.87,1.98
2017-10-23,0.32,0.52,1.86,2.03
2017-10-24,0.32,0.55,1.87,2.01
2017-10-25,0.32,0.56,1.88,2.02
2017-10-26,0.31,0.57,1.89,2.02
2017-10-27,0.27,0.54,1.88,2.0
2017-10-30,0.23,0.5,1.87,1.97
2017-10-31,0.22,0.5,1.88,1.97
2017-11-01,0.3,0.49,1.88,2.05
2017-11-02,0.21,0.48,1.87,1.95
2017-11-03,0.25,0.48,1.86,1.98
2017-11-06,0.22,0.46,1.86,1.95
2017-11-07,0.19,0.44,1.88,1.96
2017-11-08,0.24,0.45,1.87,1.97
2017-11-09,0.21,0.46,1.87,1.94
2017-11-10,0.28,0.52,1.88,1.98
2017-11-13,0.29,0.52,1.88,1.97
2017-11-14,0.27,0.51,1.87,1.95
2017-11-15,0.26,0.48,1.85,1.92
2017-11-16,0.28,0.53,1.84,1.89
2017-11-17,0.31,0.49,1.86,1.97
2017-11-20,0.35,0.52,1.85,1.96
2017-11-21,0.36,0.52,1.84,1.93
2017-11-22,0.3,0.48,1.84,1.93
2017-11-23,,,,
2017-11-24,0.36,0.5,1.84,1.97
2017-11-27,0.37,0.49,1.83,1.97
2017-11-28,0.38,0.5,1.84,1.99
2017-11-29,0.4,0.53,1.84,1.99
2017-11-30,0.41,0.56,1.86,1.99
2017-12-01,0.41,0.51,1.86,2.0
2017-12-04,0.39,0.5,1.87,1.98
2017-12-05,0.46,0.5,1.86,2.03
2017-12-06,0.37,0.47,1.86,1.98
2017-12-07,0.4,0.5,1.87,2.0
2017-12-08,0.43,0.5,1.88,2.05
2017-12-11,0.4,0.51,1.88,2.0
2017-12-12,0.4,0.51,1.89,2.0
2017-12-13,0.38,0.48,1.88,2.02
2017-12-14,0.38,0.48,1.87,1.98
2017-12-15,0.39,0.47,1.88,1.99
2017-12-18,0.46,0.5,1.89,2.07
2017-12-19,0.49,0.55,1.91,2.08
2017-12-20,0.5,0.57,1.92,2.1
2017-12-21,0.42,0.55,1.93,2.02
2017-12-22,0.44,0.54,1.94,2.06
2017-12-25,,,,
2017-12-26,0.49,0.53,1.94,2.12
2017-12-27,0.4,0.48,1.94,2.06
2017-12-28,0.37,0.47,1.96,2.06
2017-12-29,0.34,0.44,1.96,2.06
2018-01-01,,,,
2018-01-02,0.35,0.46,2.0,2.1
2018-01-03,0.38,0.46,1.98,2.09
2018-01-04,0.35,0.45,2.01,2.1
2018-01-05,0.34,0.46,2.01,2.07
2018-01-08,0.38,0.47,2.02,2.13
2018-01-09,0.38,0.52,2.03,2.11
2018-01-10,0.38,0.52,2.03,2.12
2018-01-11,0.43,0.54,2.0,2.11
2018-01-12,0.43,0.54,2.01,2.1
2018-01-15,,,,
2018-01-16,0.42,0.51,2.03,2.12
2018-01-17,0.49,0.53,2.04,2.18
2018-01-18,0.44,0.57,2.05,2.11
2018-01-19,0.45,0.58,2.06,2.12
2018-01-22,0.46,0.6,2.06,2.12
2018-01-23,0.51,0.57,2.06,2.2
2018-01-24,0.47,0.58,2.07,2.18
2018-01-25,0.5,0.56,2.07,2.23
2018-01-26,0.54,0.57,2.09,2.25
2018-01-29,0.57,0.61,2.09,2.26
2018-01-30,0.54,0.63,2.1,2.23
2018-01-31,0.54,0.61,2.11,2.24
2018-02-01,0.63,0.67,2.11,2.29
2018-02-02,0.65,0.7,2.14,2.35
2018-02-05,0.55,0.67,2.1,2.25
2018-02-06,0.64,0.69,2.1,2.32
2018-02-07,0.67,0.74,2.1,2.3
2018-02-08,0.68,0.76,2.09,2.29
2018-02-09,0.69,0.78,2.05,2.27
2018-02-12,0.72,0.79,2.07,2.3
2018-02-13,0.66,0.78,2.05,2.22
2018-02-14,0.74,0.82,2.09,2.27
2018-02-15,0.65,0.79,2.11,2.22
2018-02-16,0.63,0.78,2.09,2.18
2018-02-19,,,,
2018-02-20,0.61,0.78,2.1,2.16
2018-02-21,0.63,0.82,2.12,2.18
2018-02-22,0.6,0.81,2.11,2.16
2018-02-23,0.58,0.76,2.12,2.2
2018-02-26,0.53,0.73,2.13,2.19
2018-02-27,0.58,0.77,2.13,2.17
2018-02-28,0.61,0.75,2.12,2.2
2018-03-01,0.55,0.71,2.1,2.17
2018-03-02,0.6,0.74,2.12,2.21
2018-03-05,0.6,0.75,2.13,2.21
2018-03-06,0.55,0.76,2.12,2.14
2018-03-07,0.55,0.76,2.13,2.16
2018-03-08,0.55,0.75,2.11,2.14
2018-03-09,0.69,0.78,2.12,2.28
2018-03-12,0.62,0.77,2.1,2.18
2018-03-13,0.57,0.75,2.09,2.13
2018-03-14,0.57,0.74,2.07,2.1
2018-03-15,0.55,0.74,2.08,2.09
2018-03-16,0.6,0.77,2.08,2.11
2018-03-19,0.61,0.77,2.08,2.12
2018-03-20,0.64,0.81,2.08,2.11
2018-03-21,0.73,0.8,2.09,2.22
2018-03-22,0.6,0.75,2.08,2.13
2018-03-23,0.6,0.75,2.07,2.13
2018-03-26,0.63,0.77,2.08,2.15
2018-03-27,0.64,0.71,2.07,2.2
2018-03-28,0.68,0.72,2.05,2.19
2018-03-29,0.64,0.69,2.05,2.18
2018-03-30,,,,
2018-04-02,0.56,0.68,2.05,2.11
2018-04-03,0.61,0.71,2.08,2.17
2018-04-04,0.57,0.71,2.08,2.12
2018-04-05,0.71,0.75,2.08,2.23
2018-04-06,0.57,0.7,2.07,2.13
2018-04-09,0.58,0.71,2.07,2.12
2018-04-10,0.62,0.72,2.08,2.16
2018-04-11,0.56,0.68,2.11,2.16
2018-04-12,0.62,0.7,2.13,2.21
2018-04-13,0.66,0.69,2.13,2.25
2018-04-16,0.61,0.71,2.12,2.16
2018-04-17,0.67,0.68,2.14,2.27
2018-04-18,0.69,0.71,2.16,2.28
2018-04-19,0.65,0.75,2.17,2.22
2018-04-20,0.7,0.79,2.17,2.24
2018-04-23,0.72,0.8,2.18,2.25
2018-04-24,0.73,0.83,2.17,2.24
2018-04-25,0.75,0.86,2.17,2.25
2018-04-26,0.72,0.82,2.18,2.26
2018-04-27,0.71,0.79,2.17,2.25
2018-04-30,0.69,0.78,2.17,2.24
2018-05-01,0.73,0.81,2.16,2.23
2018-05-02,0.71,0.8,2.17,2.25
2018-05-03,0.69,0.78,2.16,2.23
2018-05-04,0.69,0.79,2.16,2.23
2018-05-07,0.67,0.78,2.17,2.23
2018-05-08,0.71,0.81,2.16,2.22
2018-05-09,0.71,0.82,2.18,2.23
2018-05-10,0.71,0.8,2.17,2.22
2018-05-11,0.71,0.82,2.15,2.17
2018-05-14,0.73,0.85,2.15,2.18
2018-05-15,0.77,0.9,2.18,2.21
2018-05-16,0.78,0.92,2.17,2.18
2018-05-17,0.78,0.95,2.16,2.16
2018-05-18,0.76,0.91,2.15,2.16
2018-05-21,0.75,0.9,2.16,2.17
2018-05-22,0.77,0.91,2.15,2.17
2018-05-23,0.71,0.87,2.14,2.16
2018-05-24,0.71,0.86,2.12,2.13
2018-05-25,0.72,0.84,2.09,2.14
2018-05-28,,,,
2018-05-29,0.6,0.73,2.04,2.1
2018-05-30,0.67,0.78,2.06,2.12
2018-05-31,0.65,0.76,2.07,2.11
2018-06-01,0.68,0.8,2.09,2.12
2018-06-04,0.72,0.82,2.12,2.18
2018-06-05,0.71,0.79,2.13,2.21
2018-06-06,0.75,0.83,2.14,2.22
2018-06-07,0.69,0.8,2.13,2.18
2018-06-08,0.71,0.82,2.11,2.16
2018-06-11,0.72,0.83,2.13,2.18
2018-06-12,0.74,0.83,2.13,2.19
2018-06-13,0.76,0.86,2.12,2.15
2018-06-14,0.74,0.82,2.12,2.17
2018-06-15,0.73,0.81,2.12,2.16
2018-06-18,0.72,0.8,2.12,2.16
2018-06-19,0.7,0.77,2.12,2.17
2018-06-20,0.74,0.81,2.12,2.18
2018-06-21,0.72,0.79,2.11,2.17
2018-06-22,0.7,0.78,2.12,2.17
2018-06-25,0.69,0.77,2.1,2.14
2018-06-26,0.68,0.76,2.12,2.17
2018-06-27,0.64,0.72,2.11,2.15
2018-06-28,0.66,0.74,2.1,2.13
2018-06-29,0.67,0.74,2.11,2.16
2018-07-02,0.68,0.73,2.14,2.21
2018-07-03,0.64,0.71,2.12,2.16
2018-07-04,,,,
2018-07-05,0.64,0.71,2.13,2.16
2018-07-06,0.63,0.7,2.12,2.16
2018-07-09,0.65,0.73,2.13,2.16
2018-07-10,0.68,0.74,2.13,2.17
2018-07-11,0.67,0.74,2.11,2.15
2018-07-12,0.69,0.75,2.1,2.14
2018-07-13,0.66,0.72,2.11,2.15
2018-07-16,0.7,0.75,2.1,2.15
2018-07-17,0.73,0.77,2.09,2.15
2018-07-18,0.74,0.79,2.09,2.15
2018-07-19,0.73,0.75,2.09,2.17
2018-07-20,0.75,0.78,2.11,2.2
2018-07-23,0.82,0.85,2.11,2.21
2018-07-24,0.83,0.84,2.11,2.22
2018-07-25,0.81,0.81,2.13,2.25
2018-07-26,0.86,0.87,2.11,2.22
2018-07-27,0.84,0.84,2.12,2.24
2018-07-30,0.84,0.85,2.13,2.25
2018-07-31,0.85,0.84,2.12,2.24
2018-08-01,0.87,0.87,2.13,2.26
2018-08-02,0.86,0.86,2.12,2.25
2018-08-03,0.82,0.83,2.12,2.24
2018-08-06,0.82,0.83,2.11,2.24
2018-08-07,0.84,0.85,2.13,2.26
2018-08-08,0.85,0.85,2.11,2.24
2018-08-09,0.83,0.82,2.11,2.25
2018-08-10,0.77,0.78,2.09,2.2
2018-08-13,0.76,0.78,2.1,2.21
2018-08-14,0.78,0.8,2.09,2.19
2018-08-15,0.76,0.78,2.08,2.19
2018-08-16,0.78,0.79,2.08,2.19
2018-08-17,0.79,0.79,2.08,2.2
2018-08-20,0.75,0.75,2.07,2.19
2018-08-21,0.76,0.77,2.08,2.19
2018-08-22,0.74,0.74,2.08,2.2
2018-08-23,0.73,0.73,2.09,2.19
2018-08-24,0.73,0.73,2.09,2.19
2018-08-27,0.74,0.74,2.11,2.22
2018-08-28,0.78,0.77,2.11,2.23
2018-08-29,0.78,0.77,2.12,2.24
2018-08-30,0.76,0.76,2.1,2.21
2018-08-31,0.76,0.78,2.08,2.18
2018-09-03,,,,
2018-09-04,0.79,0.8,2.1,2.21
2018-09-05,0.79,0.81,2.09,2.2
2018-09-06,0.79,0.8,2.08,2.19
2018-09-07,0.84,0.84,2.1,2.22
2018-09-10,0.85,0.84,2.1,2.22
2018-09-11,0.86,0.86,2.12,2.23
2018-09-12,0.85,0.85,2.12,2.22
2018-09-13,0.89,0.87,2.1,2.22
2018-09-14,0.9,0.89,2.1,2.2
2018-09-17,0.9,0.89,2.1,2.21
2018-09-18,0.93,0.92,2.13,2.25
2018-09-19,0.94,0.93,2.15,2.28
2018-09-20,0.94,0.92,2.15,2.28
2018-09-21,0.93,0.92,2.15,2.28
2018-09-24,0.93,0.92,2.16,2.29
2018-09-25,0.94,0.94,2.16,2.27
2018-09-26,0.92,0.92,2.14,2.24
2018-09-27,0.92,0.91,2.15,2.26
2018-09-28,0.91,0.91,2.14,2.25
2018-10-01,0.92,0.95,2.14,2.24
2018-10-02,0.91,0.93,2.12,2.21
2018-10-03,0.95,0.99,2.16,2.25
2018-10-04,0.99,1.03,2.16,2.26
2018-10-05,1.02,1.07,2.16,2.27
2018-10-08,,,,
2018-10-09,1.0,1.04,2.17,2.29
2018-10-10,1.01,1.06,2.16,2.28
2018-10-11,1.01,1.02,2.12,2.25
2018-10-12,1.01,1.03,2.12,2.25
2018-10-15,1.01,1.03,2.13,2.26
2018-10-16,1.01,1.03,2.13,2.25
2018-10-17,1.04,1.06,2.13,2.26
2018-10-18,1.04,1.07,2.1,2.21
2018-10-19,1.07,1.09,2.11,2.24
2018-10-22,1.07,1.09,2.11,2.24
2018-10-23,1.07,1.08,2.09,2.24
2018-10-24,1.01,1.03,2.07,2.21
2018-10-25,1.07,1.09,2.05,2.19
2018-10-26,0.98,1.02,2.06,2.19
2018-10-29,0.99,1.02,2.06,2.2
2018-10-30,1.03,1.07,2.05,2.19
2018-10-31,1.08,1.1,2.05,2.2
2018-11-01,1.08,1.12,2.02,2.16
2018-11-02,1.13,1.16,2.06,2.21
2018-11-05,1.12,1.14,2.06,2.21
2018-11-06,1.13,1.15,2.07,2.22
2018-11-07,1.14,1.15,2.07,2.21
2018-11-08,1.17,1.17,2.07,2.22
2018-11-09,1.15,1.15,2.04,2.18
2018-11-12,,,,
2018-11-13,1.11,1.12,2.02,2.16
2018-11-14,1.1,1.12,2.0,2.15
2018-11-15,1.09,1.11,2.0,2.15
2018-11-16,1.02,1.06,2.02,2.16
2018-11-19,1.02,1.07,1.99,2.13
2018-11-20,1.06,1.09,1.97,2.12
2018-11-21,1.08,1.09,1.97,2.13
2018-11-22,,,,
2018-11-23,1.11,1.09,1.96,2.15
2018-11-26,1.12,1.11,1.96,2.14
2018-11-27,1.16,1.15,1.91,2.09
2018-11-28,1.13,1.12,1.94,2.14
2018-11-29,1.06,1.05,1.98,2.17
2018-11-30,1.07,1.04,1.97,2.17
2018-12-03,1.07,1.02,1.96,2.16
2018-12-04,1.05,0.97,1.94,2.14
2018-12-05,,,,
2018-12-06,1.06,0.97,1.9,2.11
2018-12-07,1.02,0.96,1.89,2.1
2018-12-10,1.06,0.99,1.86,2.07
2018-12-11,1.13,1.06,1.83,2.04
2018-12-12,1.15,1.08,1.83,2.04
2018-12-13,1.13,1.08,1.83,2.04
2018-12-14,1.13,1.07,1.82,2.04
2018-12-17,1.11,1.05,1.81,2.04
2018-12-18,1.07,1.01,1.81,2.04
2018-12-19,1.06,0.97,1.8,2.04
2018-12-20,1.12,1.03,1.76,1.99
2018-12-21,1.09,1.02,1.77,1.99
2018-12-24,1.06,0.99,1.75,1.98
2018-12-25,,,,
2018-12-26,1.1,1.04,1.77,1.97
2018-12-27,1.07,1.03,1.74,1.95
2018-12-28,1.04,0.99,1.73,1.94
2018-12-31,1.0,0.98,1.71,1.91
2019-01-01,,,,
2019-01-02,1.0,0.96,1.7,1.91
2019-01-03,0.88,0.88,1.68,1.87
2019-01-04,0.91,0.91,1.76,1.94
2019-01-07,0.92,0.92,1.78,1.95
2019-01-08,0.92,0.91,1.82,1.98
2019-01-09,0.89,0.91,1.83,1.98
2019-01-10,0.91,0.93,1.81,1.97
2019-01-11,0.86,0.88,1.83,2.0
2019-01-14,0.89,0.9,1.81,1.98
2019-01-15,0.9,0.91,1.81,1.99
2019-01-16,0.9,0.91,1.82,2.0
2019-01-17,0.94,0.96,1.79,1.94
2019-01-18,0.95,0.96,1.83,1.99
2019-01-21,,,,
2019-01-22,0.94,0.95,1.79,1.95
2019-01-23,0.95,0.96,1.8,1.96
2019-01-24,0.93,0.95,1.77,1.92
2019-01-25,0.95,0.97,1.79,1.94
2019-01-28,0.96,0.97,1.78,1.94
2019-01-29,0.93,0.94,1.78,1.94
2019-01-30,0.81,0.86,1.84,2.0
2019-01-31,0.73,0.78,1.85,2.0
2019-02-01,0.79,0.82,1.88,2.04
2019-02-04,0.81,0.86,1.87,2.02
2019-02-05,0.79,0.84,1.87,2.02
2019-02-06,0.79,0.84,1.86,2.01
2019-02-07,0.77,0.81,1.84,1.99
2019-02-08,0.75,0.81,1.82,1.95
2019-02-11,0.78,0.83,1.82,1.95
2019-02-12,0.78,0.85,1.83,1.95
2019-02-13,0.77,0.85,1.86,1.96
2019-02-14,0.74,0.81,1.85,1.96
2019-02-15,0.74,0.8,1.86,1.97
2019-02-18,,,,
2019-02-19,0.71,0.78,1.87,1.98
2019-02-20,0.68,0.76,1.89,1.99
2019-02-21,0.71,0.78,1.91,2.02
2019-02-22,0.65,0.74,1.91,2.0
2019-02-25,0.66,0.75,1.92,2.02
2019-02-26,0.63,0.72,1.92,2.02
2019-02-27,0.65,0.76,1.93,2.02
2019-02-28,0.68,0.78,1.95,2.06
2019-03-01,0.71,0.8,1.96,2.07
2019-03-04,0.69,0.78,1.94,2.04
2019-03-05,0.7,0.79,1.93,2.03
2019-03-06,0.68,0.78,1.91,2.01
2019-03-07,0.64,0.74,1.9,2.0
2019-03-08,0.62,0.72,1.9,2.0
2019-03-11,0.62,0.73,1.91,2.0
2019-03-12,0.6,0.71,1.9,1.99
2019-03-13,0.58,0.69,1.92,2.0
2019-03-14,0.58,0.69,1.94,2.03
2019-03-15,0.54,0.65,1.94,2.02
2019-03-18,0.54,0.64,1.96,2.04
2019-03-19,0.57,0.66,1.95,2.05
2019-03-20,0.46,0.58,1.96,2.04
2019-03-21,0.48,0.58,1.96,2.06
2019-03-22,0.44,0.54,1.9,2.0
2019-03-25,0.44,0.55,1.88,1.99
2019-03-26,0.43,0.55,1.86,1.97
2019-03-27,0.44,0.55,1.84,1.94
2019-03-28,0.48,0.56,1.83,1.94
2019-03-29,0.45,0.53,1.88,1.98
2019-04-01,0.49,0.59,1.9,1.98
2019-04-02,0.47,0.58,1.9,1.99
2019-04-03,0.51,0.61,1.91,2.01
2019-04-04,0.51,0.61,1.9,1.99
2019-04-05,0.52,0.6,1.9,2.01
2019-04-08,0.52,0.61,1.91,2.01
2019-04-09,0.51,0.6,1.91,2.02
2019-04-10,0.45,0.54,1.94,2.05
2019-04-11,0.49,0.57,1.94,2.06
2019-04-12,0.52,0.61,1.95,2.04
2019-04-15,0.52,0.61,1.94,2.03
2019-04-16,0.55,0.64,1.96,2.06
2019-04-17,0.56,0.65,1.94,2.04
2019-04-18,0.52,0.62,1.95,2.04
2019-04-19,,,,
2019-04-22,0.52,0.64,1.95,2.03
2019-04-23,0.49,0.62,1.95,2.03
2019-04-24,0.45,0.57,1.96,2.05
2019-04-25,0.47,0.56,1.98,2.1
2019-04-26,0.43,0.54,1.97,2.08
2019-04-29,0.46,0.58,1.96,2.06
2019-04-30,0.43,0.56,1.95,2.05
2019-05-01,0.48,0.59,1.93,2.03
2019-05-02,0.56,0.66,1.89,2.0
2019-05-03,0.53,0.63,1.91,2.02
2019-05-06,0.49,0.6,1.91,2.01
2019-05-07,0.49,0.58,1.87,1.98
2019-05-08,0.53,0.62,1.87,1.99
2019-05-09,0.52,0.6,1.85,1.97
2019-05-10,0.51,0.59,1.88,2.01
2019-05-13,0.45,0.55,1.85,1.97
2019-05-14,0.45,0.56,1.86,1.97
2019-05-15,0.41,0.54,1.83,1.92
2019-05-16,0.43,0.56,1.84,1.93
2019-05-17,0.46,0.58,1.81,1.91
2019-05-20,0.5,0.6,1.81,1.91
2019-05-21,0.51,0.6,1.83,1.94
2019-05-22,0.51,0.6,1.79,1.9
2019-05-23,0.49,0.58,1.73,1.84
2019-05-24,0.5,0.56,1.76,1.9
2019-05-27,,,,
2019-05-28,0.48,0.53,1.73,1.88
2019-05-29,0.46,0.5,1.75,1.91
2019-05-30,0.44,0.48,1.74,1.89
2019-05-31,0.35,0.4,1.74,1.9
2019-06-03,0.27,0.34,1.73,1.9
2019-06-04,0.3,0.38,1.74,1.89
2019-06-05,0.27,0.37,1.75,1.91
2019-06-06,0.3,0.39,1.73,1.88
2019-06-07,0.24,0.35,1.74,1.87
2019-06-10,0.31,0.42,1.73,1.86
2019-06-11,0.35,0.43,1.72,1.87
2019-06-12,0.35,0.42,1.71,1.89
2019-06-13,0.33,0.42,1.68,1.85
2019-06-14,0.37,0.46,1.63,1.78
2019-06-17,0.4,0.48,1.61,1.77
2019-06-18,0.34,0.42,1.64,1.79
2019-06-19,0.24,0.36,1.67,1.81
2019-06-20,0.16,0.27,1.74,1.9
2019-06-21,0.2,0.34,1.73,1.86
2019-06-24,0.18,0.31,1.71,1.85
2019-06-25,0.21,0.33,1.67,1.82
2019-06-26,0.24,0.35,1.7,1.84
2019-06-27,0.23,0.33,1.68,1.83
2019-06-28,0.23,0.31,1.69,1.85
2019-07-01,0.26,0.34,1.69,1.85
2019-07-02,0.25,0.33,1.65,1.8
2019-07-03,0.23,0.31,1.65,1.79
2019-07-04,,,,
2019-07-05,0.29,0.35,1.69,1.83
2019-07-08,0.31,0.35,1.7,1.85
2019-07-09,0.32,0.36,1.71,1.86
2019-07-10,0.23,0.33,1.74,1.89
2019-07-11,0.25,0.36,1.77,1.91
2019-07-12,0.24,0.35,1.77,1.92
2019-07-15,0.23,0.32,1.77,1.93
2019-07-16,0.25,0.33,1.8,1.97
2019-07-17,0.23,0.31,1.75,1.9
2019-07-18,0.18,0.25,1.79,1.98
2019-07-19,0.2,0.25,1.8,2.0
2019-07-22,0.21,0.26,1.79,1.99
2019-07-23,0.22,0.27,1.81,2.01
2019-07-24,0.23,0.26,1.79,1.99
2019-07-25,0.25,0.28,1.8,2.0
2019-07-26,0.28,0.3,1.78,1.99
2019-07-29,0.27,0.29,1.77,1.97
2019-07-30,0.26,0.28,1.78,1.98
2019-07-31,0.28,0.26,1.76,1.96
2019-08-01,0.21,0.2,1.7,1.93
2019-08-02,0.21,0.2,1.66,1.87
2019-08-05,0.16,0.15,1.6,1.81
2019-08-06,0.13,0.11,1.62,1.84
2019-08-07,0.14,0.09,1.62,1.86
2019-08-08,0.11,0.07,1.65,1.87
2019-08-09,0.13,0.08,1.66,1.88
2019-08-12,0.1,0.04,1.61,1.83
2019-08-13,0.13,0.05,1.63,1.82
2019-08-14,0.15,0.02,1.57,1.78
2019-08-15,0.08,-0.02,1.54,1.74
2019-08-16,0.08,0.01,1.54,1.74
2019-08-19,0.11,0.04,1.56,1.76
2019-08-20,0.08,0.02,1.53,1.72
2019-08-21,0.13,0.05,1.54,1.74
2019-08-22,0.15,0.07,1.55,1.75
2019-08-23,0.05,-0.02,1.54,1.73
2019-08-26,0.09,0.0,1.54,1.74
2019-08-27,0.04,-0.06,1.55,1.74
2019-08-28,0.01,-0.08,1.55,1.74
2019-08-29,0.01,-0.09,1.59,1.79
2019-08-30,0.04,-0.05,1.55,1.75
2019-09-02,,,,
2019-09-03,0.06,-0.03,1.5,1.71
2019-09-04,0.01,-0.04,1.51,1.71
2019-09-05,0.08,0.01,1.56,1.77
2019-09-06,0.07,0.01,1.54,1.73
2019-09-09,0.11,0.06,1.57,1.76
2019-09-10,0.18,0.12,1.6,1.8
2019-09-11,0.2,0.15,1.6,1.8
2019-09-12,0.22,0.16,1.63,1.83
2019-09-13,0.29,0.23,1.67,1.88
2019-09-16,0.21,0.17,1.67,1.86
2019-09-17,0.2,0.15,1.66,1.86
2019-09-18,0.28,0.21,1.59,1.78
2019-09-19,0.25,0.18,1.61,1.81
2019-09-20,0.19,0.13,1.61,1.8
2019-09-23,0.17,0.11,1.61,1.8
2019-09-24,0.13,0.06,1.58,1.77
2019-09-25,0.19,0.13,1.6,1.79
2019-09-26,0.19,0.13,1.57,1.74
2019-09-27,0.2,0.16,1.53,1.7
2019-09-30,0.2,0.15,1.53,1.71
2019-10-01,0.18,0.13,1.52,1.71
2019-10-02,0.14,0.1,1.5,1.71
2019-10-03,0.09,0.06,1.48,1.71
2019-10-04,0.07,0.02,1.5,1.73
2019-10-07,0.11,0.05,1.51,1.75
2019-10-08,0.11,0.06,1.48,1.71
2019-10-09,0.16,0.1,1.49,1.74
2019-10-10,0.19,0.15,1.52,1.75
2019-10-11,0.25,0.2,1.56,1.78
2019-10-14,,,,
2019-10-15,0.26,0.21,1.56,1.79
2019-10-16,0.22,0.18,1.57,1.79
2019-10-17,0.05,0.17,1.59,1.66
2019-10-18,0.04,0.16,1.6,1.68
2019-10-21,0.08,0.19,1.61,1.69
2019-10-22,0.07,0.17,1.61,1.69
2019-10-23,0.06,0.16,1.61,1.7
2019-10-24,0.06,0.15,1.62,1.72
2019-10-25,0.07,0.15,1.65,1.75
2019-10-28,0.13,0.21,1.64,1.75
2019-10-29,0.15,0.23,1.61,1.71
2019-10-30,0.14,0.21,1.57,1.67
2019-10-31,0.07,0.15,1.54,1.64
2019-11-01,0.05,0.14,1.59,1.68
2019-11-04,0.04,0.15,1.64,1.72
2019-11-05,0.08,0.18,1.68,1.78
2019-11-06,0.06,0.15,1.66,1.75
2019-11-07,0.13,0.23,1.69,1.77
2019-11-08,0.11,0.23,1.71,1.79
2019-11-11,,,,
2019-11-12,0.13,0.22,1.7,1.8
2019-11-13,0.11,0.22,1.66,1.74
2019-11-14,0.09,0.2,1.62,1.7
2019-11-15,0.13,0.21,1.63,1.74
2019-11-18,0.09,0.18,1.63,1.72
2019-11-19,0.1,0.16,1.63,1.73
2019-11-20,0.07,0.13,1.6,1.69
2019-11-21,0.09,0.14,1.63,1.73
2019-11-22,0.09,0.15,1.62,1.71
2019-11-25,0.09,0.14,1.62,1.71
2019-11-26,0.06,0.12,1.62,1.72
2019-11-27,0.09,0.14,1.63,1.72
2019-11-28,,,,
2019-11-29,0.12,0.17,1.61,1.72
2019-12-02,0.11,0.18,1.65,1.76
2019-12-03,0.03,0.09,1.63,1.75
2019-12-04,0.06,0.11,1.66,1.78
2019-12-05,0.07,0.13,1.67,1.79
2019-12-06,0.08,0.15,1.69,1.79
2019-12-09,0.08,0.14,1.69,1.79
2019-12-10,0.09,0.14,1.71,1.83
2019-12-11,0.04,0.1,1.69,1.78
2019-12-12,0.11,0.18,1.72,1.82
2019-12-13,0.04,0.12,1.7,1.78
2019-12-16,0.08,0.16,1.73,1.82
2019-12-17,0.06,0.14,1.75,1.85
2019-12-18,0.06,0.16,1.76,1.84
2019-12-19,0.05,0.15,1.77,1.86
2019-12-20,0.06,0.15,1.77,1.87
2019-12-23,0.08,0.18,1.75,1.83
2019-12-24,0.05,0.15,1.75,1.83
2019-12-25,,,,
2019-12-26,0.06,0.16,1.74,1.82
2019-12-27,0.04,0.15,1.73,1.82
2019-12-30,0.02,0.15,1.75,1.84
2019-12-31,0.01,0.15,1.77,1.86
2020-01-01,,,,
2020-01-02,-0.05,0.08,1.8,1.88
2020-01-03,-0.1,0.03,1.77,1.85
2020-01-06,-0.08,0.06,1.75,1.81
2020-01-07,-0.05,0.09,1.74,1.81
2020-01-08,-0.01,0.12,1.75,1.82
2020-01-09,-0.02,0.11,1.74,1.81
2020-01-10,-0.04,0.07,1.76,1.85
2020-01-13,-0.05,0.08,1.77,1.84
2020-01-14,-0.07,0.05,1.77,1.84
2020-01-15,-0.07,0.04,1.75,1.83
2020-01-16,-0.05,0.07,1.74,1.8
2020-01-17,-0.05,0.09,1.75,1.82
2020-01-20,,,,
2020-01-21,-0.09,0.04,1.74,1.82
2020-01-22,-0.07,0.05,1.72,1.8
2020-01-23,-0.09,0.04,1.7,1.76
2020-01-24,-0.11,0.02,1.68,1.74
2020-01-27,-0.12,-0.02,1.63,1.7
2020-01-28,-0.12,0.0,1.65,1.71
2020-01-29,-0.17,-0.04,1.64,1.7
2020-01-30,-0.2,-0.07,1.64,1.69
2020-01-31,-0.28,-0.14,1.65,1.7
2020-02-03,-0.21,-0.09,1.63,1.7
2020-02-04,-0.16,-0.03,1.64,1.7
2020-02-05,-0.15,0.0,1.66,1.71
2020-02-06,-0.16,-0.02,1.67,1.73
2020-02-07,-0.2,-0.07,1.66,1.71
2020-02-10,-0.24,-0.1,1.66,1.7
2020-02-11,-0.2,-0.06,1.65,1.7
2020-02-12,-0.19,-0.04,1.66,1.68
2020-02-13,-0.22,-0.06,1.67,1.69
2020-02-14,-0.22,-0.07,1.66,1.68
2020-02-17,,,,
2020-02-18,-0.25,-0.1,1.65,1.66
2020-02-19,-0.24,-0.09,1.65,1.65
2020-02-20,-0.26,-0.11,1.63,1.63
2020-02-21,-0.3,-0.15,1.61,1.62
2020-02-24,-0.36,-0.21,1.59,1.61
2020-02-25,-0.36,-0.2,1.53,1.54
2020-02-26,-0.36,-0.21,1.54,1.58
2020-02-27,-0.37,-0.23,1.53,1.58
2020-02-28,-0.44,-0.28,1.41,1.49
2020-03-02,-0.44,-0.31,1.41,1.5
2020-03-03,-0.57,-0.43,1.45,1.56
2020-03-04,-0.59,-0.44,1.46,1.58
2020-03-05,-0.61,-0.48,1.4,1.52
2020-03-06,-0.56,-0.57,1.31,1.48
2020-03-09,-0.34,-0.45,0.99,1.18
2020-03-10,-0.14,-0.24,1.0,1.23
2020-03-11,-0.03,-0.14,0.96,1.23
2020-03-12,0.03,-0.04,0.92,1.21
2020-03-13,0.17,0.04,0.9,1.27
2020-03-16,0.19,0.0,0.73,1.16
2020-03-17,0.5,0.39,0.63,1.1
2020-03-18,0.63,0.55,0.63,1.1
2020-03-19,0.52,0.62,0.5,0.86
2020-03-20,0.21,0.17,0.75,1.19
2020-03-23,0.01,-0.04,0.8,1.23
2020-03-24,-0.03,-0.13,0.97,1.39
2020-03-25,-0.13,-0.19,1.07,1.45
2020-03-26,-0.21,-0.24,1.07,1.42
2020-03-27,-0.13,-0.22,0.94,1.34
2020-03-30,-0.18,-0.25,0.95,1.33
2020-03-31,-0.12,-0.17,0.87,1.25
2020-04-01,-0.19,-0.29,0.91,1.26
2020-04-02,-0.34,-0.4,1.03,1.33
2020-04-03,-0.39,-0.46,1.08,1.38
2020-04-06,-0.41,-0.47,1.14,1.43
2020-04-07,-0.38,-0.42,1.17,1.48
2020-04-08,-0.4,-0.42,1.19,1.51
2020-04-09,-0.49,-0.5,1.23,1.56
2020-04-10,,,,
2020-04-13,-0.5,-0.5,1.26,1.58
2020-04-14,-0.52,-0.53,1.29,1.64
2020-04-15,-0.53,-0.56,1.19,1.51
2020-04-16,-0.35,-0.42,1.03,1.36
2020-04-17,-0.31,-0.36,1.01,1.35
2020-04-20,-0.21,-0.31,0.94,1.32
2020-04-21,-0.24,-0.38,0.96,1.34
2020-04-22,-0.32,-0.43,1.06,1.43
2020-04-23,-0.3,-0.44,1.05,1.43
2020-04-24,-0.36,-0.51,1.11,1.5
2020-04-27,-0.37,-0.5,1.17,1.56
2020-04-28,-0.39,-0.52,1.14,1.52
2020-04-29,-0.42,-0.51,1.14,1.5
2020-04-30,-0.36,-0.43,1.07,1.42
2020-05-01,-0.32,-0.42,1.06,1.44
2020-05-04,-0.33,-0.43,1.07,1.45
2020-05-05,-0.35,-0.44,1.1,1.49
2020-05-06,-0.34,-0.38,1.1,1.49
2020-05-07,-0.41,-0.45,1.08,1.46
2020-05-08,-0.41,-0.43,1.12,1.5
2020-05-11,-0.39,-0.4,1.13,1.51
2020-05-12,-0.38,-0.4,1.09,1.46
2020-05-13,-0.4,-0.43,1.07,1.43
2020-05-14,-0.4,-0.43,1.06,1.41
2020-05-15,-0.44,-0.45,1.09,1.43
2020-05-18,-0.46,-0.44,1.17,1.5
2020-05-19,-0.47,-0.45,1.15,1.48
2020-05-20,-0.49,-0.48,1.16,1.49
2020-05-21,-0.46,-0.46,1.14,1.47
2020-05-22,-0.46,-0.46,1.12,1.44
2020-05-25,,,,
2020-05-26,-0.47,-0.44,1.13,1.44
2020-05-27,-0.48,-0.46,1.14,1.46
2020-05-28,-0.52,-0.48,1.18,1.5
2020-05-29,-0.53,-0.5,1.15,1.47
2020-06-01,-0.53,-0.52,1.18,1.52
2020-06-02,-0.52,-0.5,1.18,1.52
2020-06-03,-0.5,-0.44,1.21,1.54
2020-06-04,-0.48,-0.4,1.22,1.56
2020-06-05,-0.48,-0.36,1.27,1.59
2020-06-08,-0.53,-0.4,1.28,1.58
2020-06-09,-0.58,-0.42,1.26,1.54
2020-06-10,-0.67,-0.52,1.27,1.54
2020-06-11,-0.63,-0.55,1.21,1.47
2020-06-12,-0.62,-0.5,1.21,1.47
2020-06-15,-0.65,-0.52,1.23,1.48
2020-06-16,-0.68,-0.52,1.27,1.52
2020-06-17,-0.67,-0.52,1.26,1.51
2020-06-18,-0.78,-0.57,1.28,1.44
2020-06-19,-0.73,-0.6,1.3,1.54
2020-06-22,-0.77,-0.63,1.34,1.57
2020-06-23,-0.81,-0.66,1.38,1.62
2020-06-24,-0.77,-0.64,1.33,1.56
2020-06-25,-0.79,-0.65,1.33,1.55
2020-06-26,-0.81,-0.68,1.32,1.53
2020-06-29,-0.86,-0.7,1.34,1.54
2020-06-30,-0.87,-0.68,1.34,1.52
2020-07-01,-0.86,-0.68,1.37,1.57
2020-07-02,-0.92,-0.73,1.41,1.61
2020-07-03,,,,
2020-07-06,-0.97,-0.76,1.45,1.62
2020-07-07,-0.97,-0.78,1.43,1.6
2020-07-08,-0.95,-0.75,1.42,1.59
2020-07-09,-0.94,-0.77,1.39,1.56
2020-07-10,-0.95,-0.76,1.41,1.57
2020-07-13,-0.97,-0.78,1.42,1.57
2020-07-14,-0.99,-0.78,1.41,1.55
2020-07-15,-1.0,-0.77,1.41,1.54
2020-07-16,-1.02,-0.79,1.41,1.52
2020-07-17,-1.06,-0.82,1.46,1.57
2020-07-20,-1.08,-0.84,1.46,1.55
2020-07-21,-1.13,-0.87,1.48,1.56
2020-07-22,-1.13,-0.88,1.48,1.56
2020-07-23,-1.1,-0.9,1.49,1.61
2020-07-24,-1.08,-0.92,1.51,1.67
2020-07-27,-1.08,-0.9,1.52,1.66
2020-07-28,-1.1,-0.92,1.51,1.66
2020-07-29,-1.13,-0.95,1.53,1.68
2020-07-30,-1.14,-0.97,1.52,1.67
2020-07-31,-1.19,-1.0,1.55,1.7
2020-08-03,-1.24,-1.02,1.58,1.7
2020-08-04,-1.26,-1.05,1.57,1.69
2020-08-05,-1.3,-1.06,1.61,1.7
2020-08-06,-1.32,-1.08,1.63,1.73
2020-08-07,-1.27,-1.04,1.61,1.72
2020-08-10,-1.25,-1.02,1.61,1.73
2020-08-11,-1.23,-0.99,1.63,1.76
2020-08-12,-1.26,-0.98,1.67,1.78
2020-08-13,-1.24,-0.96,1.67,1.78
2020-08-14,-1.24,-0.94,1.65,1.77
2020-08-17,-1.25,-0.97,1.66,1.78
2020-08-18,-1.28,-1.01,1.68,1.81
2020-08-19,-1.26,-0.99,1.67,1.79
2020-08-20,-1.22,-0.97,1.62,1.76
2020-08-21,-1.25,-1.0,1.64,1.76
2020-08-24,-1.29,-1.02,1.67,1.77
2020-08-25,-1.3,-1.01,1.7,1.8
2020-08-26,-1.35,-1.03,1.72,1.81
2020-08-27,-1.34,-0.99,1.73,1.81
2020-08-28,-1.4,-1.03,1.77,1.86
2020-08-31,-1.41,-1.08,1.8,1.91
2020-09-01,-1.39,-1.08,1.76,1.87
2020-09-02,-1.35,-1.07,1.73,1.85
2020-09-03,-1.29,-1.02,1.65,1.77
2020-09-04,-1.27,-0.98,1.7,1.83
2020-09-07,,,,
2020-09-08,-1.27,-0.99,1.68,1.81
2020-09-09,-1.29,-1.0,1.71,1.85
2020-09-10,-1.28,-1.01,1.69,1.84
2020-09-11,-1.27,-0.98,1.65,1.77
2020-09-14,-1.27,-0.97,1.65,1.76
2020-09-15,-1.27,-0.99,1.67,1.8
2020-09-16,-1.29,-0.99,1.68,1.79
2020-09-17,-1.29,-0.97,1.66,1.75
2020-09-18,-1.29,-0.97,1.67,1.76
2020-09-21,-1.23,-0.94,1.62,1.74
2020-09-22,-1.23,-0.94,1.62,1.74
2020-09-23,-1.2,-0.92,1.6,1.72
2020-09-24,-1.18,-0.91,1.58,1.71
2020-09-25,-1.17,-0.92,1.58,1.73
2020-09-28,-1.22,-0.94,1.61,1.74
2020-09-29,-1.25,-0.98,1.64,1.79
2020-09-30,-1.22,-0.94,1.63,1.76
2020-10-01,-1.21,-0.95,1.63,1.78
2020-10-02,-1.2,-0.94,1.64,1.8
2020-10-05,-1.19,-0.9,1.68,1.84
2020-10-06,-1.19,-0.9,1.66,1.81
2020-10-07,-1.19,-0.9,1.71,1.88
2020-10-08,-1.23,-0.94,1.72,1.88
2020-10-09,-1.22,-0.94,1.73,1.9
2020-10-12,,,,
2020-10-13,-1.21,-0.96,1.7,1.88
2020-10-14,-1.22,-0.96,1.69,1.86
2020-10-15,-1.2,-0.95,1.69,1.86
2020-10-16,-1.21,-0.95,1.71,1.89
2020-10-19,-1.19,-0.93,1.71,1.89
2020-10-20,-1.19,-0.91,1.72,1.91
2020-10-21,-1.2,-0.91,1.74,1.92
2020-10-22,-1.3,-0.89,1.76,1.84
2020-10-23,-1.29,-0.9,1.75,1.84
2020-10-26,-1.28,-0.91,1.72,1.81
2020-10-27,-1.3,-0.92,1.71,1.78
2020-10-28,-1.27,-0.91,1.7,1.79
2020-10-29,-1.23,-0.86,1.71,1.81
2020-10-30,-1.21,-0.82,1.7,1.81
2020-11-02,-1.22,-0.84,1.71,1.82
2020-11-03,-1.23,-0.82,1.72,1.82
2020-11-04,-1.23,-0.86,1.64,1.72
2020-11-05,-1.22,-0.87,1.66,1.77
2020-11-06,-1.18,-0.82,1.65,1.76
2020-11-09,-1.19,-0.77,1.73,1.83
2020-11-10,-1.23,-0.78,1.76,1.83
2020-11-11,,,,
2020-11-12,-1.23,-0.83,1.71,1.79
2020-11-13,-1.23,-0.83,1.72,1.8
2020-11-16,-1.23,-0.81,1.72,1.8
2020-11-17,-1.24,-0.83,1.7,1.77
2020-11-18,-1.23,-0.82,1.7,1.77
2020-11-19,-1.23,-0.84,1.7,1.78
2020-11-20,-1.23,-0.86,1.69,1.77
2020-11-23,-1.23,-0.85,1.71,1.8
2020-11-24,-1.26,-0.86,1.74,1.83
2020-11-25,-1.28,-0.87,1.75,1.83
2020-11-26,,,,
2020-11-27,-1.3,-0.91,1.75,1.83
2020-11-30,-1.32,-0.93,1.77,1.86
2020-12-01,-1.3,-0.89,1.81,1.9
2020-12-02,-1.34,-0.9,1.85,1.94
2020-12-03,-1.38,-0.94,1.86,1.94
2020-12-04,-1.41,-0.92,1.89,1.95
2020-12-07,-1.44,-0.94,1.88,1.92
2020-12-08,-1.45,-0.97,1.89,1.94
2020-12-09,-1.43,-0.96,1.91,1.98
2020-12-10,-1.44,-0.96,1.88,1.93
2020-12-11,-1.45,-0.97,1.87,1.92
2020-12-14,-1.47,-0.98,1.88,1.92
2020-12-15,-1.49,-0.99,1.91,1.96
2020-12-16,-1.53,-1.0,1.92,1.94
2020-12-17,-1.52,-1.0,1.94,1.98
2020-12-18,-1.53,-1.0,1.95,1.98
2020-12-21,-1.51,-1.0,1.95,2.0
2020-12-22,-1.55,-1.01,1.94,1.96
2020-12-23,-1.55,-1.01,1.97,2.01
2020-12-24,-1.55,-1.03,1.97,2.02
2020-12-25,,,,
2020-12-28,-1.54,-1.03,1.97,2.02
2020-12-29,-1.53,-1.02,1.96,2.02
2020-12-30,-1.55,-1.03,1.96,2.0
2020-12-31,-1.59,-1.06,1.99,2.03
2021-01-01,,,,
2021-01-04,-1.62,-1.08,2.01,2.04
2021-01-05,-1.63,-1.07,2.03,2.05
2021-01-06,-1.61,-1.02,2.06,2.08
2021-01-07,-1.63,-1.01,2.09,2.09
2021-01-08,-1.58,-0.93,2.06,2.05
2021-01-11,-1.54,-0.91,2.06,2.08
2021-01-12,-1.56,-0.93,2.08,2.1
2021-01-13,-1.56,-0.96,2.06,2.08
2021-01-14,-1.6,-0.94,2.09,2.09
2021-01-15,-1.63,-0.99,2.1,2.11
2021-01-18,,,,
2021-01-19,-1.67,-1.0,2.1,2.08
2021-01-20,-1.7,-1.02,2.12,2.09
2021-01-21,-1.73,-0.98,2.1,2.02
2021-01-22,-1.72,-0.99,2.09,2.02
2021-01-25,-1.73,-1.03,2.08,2.01
2021-01-26,-1.73,-1.03,2.08,2.01
2021-01-27,-1.74,-1.04,2.08,2.01
2021-01-28,-1.76,-1.06,2.13,2.08
2021-01-29,-1.76,-1.02,2.13,2.05
2021-02-01,-1.76,-1.02,2.11,2.04
2021-02-02,-1.78,-1.03,2.15,2.07
2021-02-03,-1.81,-1.04,2.19,2.11
2021-02-04,-1.79,-1.02,2.17,2.09
2021-02-05,-1.81,-1.02,2.21,2.14
2021-02-08,-1.83,-1.03,2.22,2.13
2021-02-09,-1.83,-1.04,2.22,2.13
2021-02-10,-1.85,-1.06,2.21,2.11
2021-02-11,-1.86,-1.04,2.2,2.08
2021-02-12,-1.85,-1.01,2.21,2.07
2021-02-15,,,,
2021-02-16,-1.8,-0.94,2.24,2.11
2021-02-17,-1.78,-0.92,2.21,2.07
2021-02-18,-1.73,-0.87,2.16,2.03
2021-02-19,-1.7,-0.8,2.14,1.99
2021-02-22,-1.74,-0.79,2.16,1.97
2021-02-23,-1.76,-0.79,2.16,1.97
2021-02-24,-1.76,-0.79,2.17,1.96
2021-02-25,-1.53,-0.6,2.14,1.94
2021-02-26,-1.64,-0.71,2.15,1.91
2021-03-01,-1.69,-0.71,2.16,1.92
2021-03-02,-1.76,-0.78,2.2,1.97
2021-03-03,-1.72,-0.74,2.21,1.97
2021-03-04,-1.66,-0.66,2.2,1.97
2021-03-05,-1.64,-0.66,2.22,2.01
2021-03-08,-1.56,-0.62,2.21,2.0
2021-03-09,-1.58,-0.66,2.21,2.01
2021-03-10,-1.67,-0.73,2.26,2.05
2021-03-11,-1.73,-0.74,2.28,2.05
2021-03-12,-1.66,-0.62,2.26,2.01
2021-03-15,-1.7,-0.65,2.27,2.0
2021-03-16,-1.76,-0.68,2.3,2.01
2021-03-17,-1.78,-0.67,2.3,2.02
2021-03-18,-1.64,-0.56,2.27,2.04
2021-03-19,-1.61,-0.57,2.31,2.11
2021-03-22,-1.64,-0.64,2.33,2.15
2021-03-23,-1.65,-0.66,2.29,2.1
2021-03-24,-1.7,-0.69,2.31,2.09
2021-03-25,-1.72,-0.69,2.32,2.1
2021-03-26,-1.72,-0.67,2.34,2.11
2021-03-29,-1.67,-0.63,2.36,2.16
2021-03-30,-1.62,-0.62,2.35,2.18
2021-03-31,-1.62,-0.63,2.37,2.2
2021-04-01,-1.65,-0.66,2.35,2.15
2021-04-02,-1.61,-0.64,2.36,2.14
2021-04-05,-1.61,-0.62,2.35,2.15
2021-04-06,-1.64,-0.65,2.32,2.12
2021-04-07,-1.66,-0.66,2.34,2.15
2021-04-08,-1.7,-0.69,2.33,2.11
2021-04-09,-1.64,-0.64,2.31,2.11
2021-04-12,-1.63,-0.64,2.33,2.14
2021-04-13,-1.69,-0.69,2.33,2.12
2021-04-14,-1.69,-0.69,2.33,2.1
2021-04-15,-1.74,-0.77,2.33,2.11
2021-04-16,-1.73,-0.77,2.36,2.15
2021-04-19,-1.71,-0.73,2.34,2.12
2021-04-20,-1.71,-0.74,2.32,2.12
2021-04-21,-1.72,-0.76,2.33,2.13
2021-04-22,-1.61,-0.76,2.33,2.24
2021-04-23,-1.61,-0.76,2.34,2.24
2021-04-26,-1.62,-0.78,2.36,2.25
2021-04-27,-1.63,-0.76,2.39,2.27
2021-04-28,-1.68,-0.78,2.41,2.28
2021-04-29,-1.7,-0.77,2.42,2.28
2021-04-30,-1.71,-0.76,2.41,2.25
2021-05-03,-1.76,-0.79,2.42,2.24
2021-05-04,-1.8,-0.81,2.42,2.22
2021-05-05,-1.88,-0.88,2.47,2.26
2021-05-06,-1.85,-0.87,2.45,2.24
2021-05-07,-1.88,-0.89,2.49,2.33
2021-05-10,-1.91,-0.91,2.54,2.37
2021-05-11,-1.88,-0.89,2.53,2.38
2021-05-12,-1.85,-0.85,2.54,2.36
2021-05-13,-1.81,-0.85,2.51,2.37
2021-05-14,-1.86,-0.88,2.51,2.34
2021-05-17,-1.88,-0.9,2.54,2.36
2021-05-18,-1.89,-0.88,2.52,2.32
2021-05-19,-1.79,-0.8,2.48,2.3
2021-05-20,-1.76,-0.78,2.41,2.23
2021-05-21,-1.78,-0.8,2.43,2.24
2021-05-24,-1.82,-0.83,2.44,2.24
2021-05-25,-1.84,-0.86,2.42,2.21
2021-05-26,-1.8,-0.82,2.4,2.2
2021-05-27,-1.78,-0.81,2.42,2.25
2021-05-28,-1.78,-0.84,2.42,2.27
2021-05-31,,,,
2021-06-01,-1.79,-0.84,2.46,2.32
2021-06-02,-1.79,-0.85,2.44,2.29
2021-06-03,-1.72,-0.79,2.42,2.28
2021-06-04,-1.76,-0.84,2.4,2.26
2021-06-07,-1.72,-0.82,2.39,2.27
2021-06-08,-1.7,-0.83,2.36,2.25
2021-06-09,-1.66,-0.82,2.32,2.23
2021-06-10,-1.74,-0.9,2.35,2.23
2021-06-11,-1.67,-0.85,2.32,2.21
2021-06-14,-1.64,-0.85,2.36,2.28
2021-06-15,-1.67,-0.87,2.38,2.3
2021-06-16,-1.52,-0.75,2.32,2.23
2021-06-17,-1.41,-0.75,2.27,2.23
2021-06-18,-1.48,-0.79,2.24,2.11
2021-06-21,-1.51,-0.75,2.25,2.09
2021-06-22,-1.59,-0.83,2.31,2.16
2021-06-23,-1.59,-0.84,2.34,2.19
2021-06-24,-1.55,-0.81,2.3,2.15
2021-06-25,-1.54,-0.8,2.34,2.22
2021-06-28,-1.55,-0.84,2.33,2.21
2021-06-29,-1.57,-0.83,2.32,2.18
2021-06-30,-1.6,-0.87,2.32,2.17
2021-07-01,-1.6,-0.87,2.35,2.21
2021-07-02,-1.63,-0.89,2.33,2.17
2021-07-05,,,,
2021-07-06,-1.67,-0.94,2.31,2.14
2021-07-07,-1.64,-0.95,2.28,2.13
2021-07-08,-1.64,-0.92,2.22,2.06
2021-07-09,-1.65,-0.91,2.28,2.12
2021-07-12,-1.67,-0.95,2.33,2.18
2021-07-13,-1.71,-0.94,2.36,2.16
2021-07-14,-1.73,-0.97,2.34,2.15
2021-07-15,-1.75,-1.01,2.32,2.11
2021-07-16,-1.73,-1.02,2.33,2.14
2021-07-19,-1.71,-1.05,2.24,2.07
2021-07-20,-1.71,-1.03,2.26,2.12
2021-07-21,-1.71,-0.98,2.28,2.11
2021-07-22,-1.75,-1.01,2.28,2.1
2021-07-23,-1.81,-1.05,2.35,2.17
2021-07-26,-1.86,-1.11,2.4,2.21
2021-07-27,-1.84,-1.13,2.38,2.21
2021-07-28,-1.85,-1.15,2.41,2.25
2021-07-29,-1.85,-1.15,2.43,2.28
2021-07-30,-1.87,-1.16,2.4,2.24
2021-08-02,-1.85,-1.17,2.37,2.23
2021-08-03,-1.86,-1.19,2.38,2.25
2021-08-04,-1.83,-1.16,2.35,2.2
2021-08-05,-1.74,-1.1,2.33,2.2
2021-08-06,-1.73,-1.06,2.37,2.24
2021-08-09,-1.71,-1.04,2.37,2.24
2021-08-10,-1.71,-1.04,2.4,2.27
2021-08-11,-1.74,-1.07,2.42,2.29
2021-08-12,-1.72,-1.05,2.41,2.27
2021-08-13,-1.73,-1.08,2.37,2.22
2021-08-16,-1.75,-1.1,2.36,2.22
2021-08-17,-1.72,-1.07,2.33,2.17
2021-08-18,-1.69,-1.05,2.32,2.16
2021-08-19,-1.67,-1.04,2.28,2.11
2021-08-20,-1.6,-1.01,2.27,2.14
2021-08-23,-1.65,-1.02,2.27,2.11
2021-08-24,-1.65,-1.01,2.3,2.15
2021-08-25,-1.67,-1.0,2.35,2.19
2021-08-26,-1.66,-0.99,2.33,2.16
2021-08-27,-1.74,-1.08,2.39,2.25
2021-08-30,-1.74,-1.08,2.37,2.23
2021-08-31,-1.71,-1.03,2.33,2.18
2021-09-01,-1.7,-1.03,2.34,2.2
2021-09-02,-1.69,-1.03,2.32,2.17
2021-09-03,-1.7,-1.01,2.34,2.2
2021-09-06,,,,
2021-09-07,-1.69,-0.98,2.36,2.21
2021-09-08,-1.72,-1.03,2.38,2.23
2021-09-09,-1.76,-1.08,2.38,2.21
2021-09-10,-1.73,-1.05,2.4,2.25
2021-09-13,-1.72,-1.04,2.37,2.21
2021-09-14,-1.7,-1.05,2.33,2.17
2021-09-15,-1.7,-1.04,2.35,2.19
2021-09-16,-1.69,-1.01,2.35,2.17
2021-09-17,-1.63,-0.96,2.33,2.15
2021-09-20,-1.6,-0.98,2.29,2.15
2021-09-21,-1.6,-0.96,2.29,2.14
2021-09-22,-1.55,-0.96,2.28,2.15
2021-09-23,-1.54,-0.9,2.31,2.14
2021-09-24,-1.5,-0.87,2.34,2.21
2021-09-27,-1.52,-0.87,2.35,2.2
2021-09-28,-1.51,-0.84,2.38,2.23
2021-09-29,-1.51,-0.82,2.37,2.22
2021-09-30,-1.53,-0.85,2.37,2.23
2021-10-01,-1.58,-0.9,2.38,2.25
2021-10-04,-1.58,-0.89,2.38,2.23
2021-10-05,-1.61,-0.91,2.45,2.31
2021-10-06,-1.58,-0.9,2.43,2.29
2021-10-07,-1.59,-0.88,2.46,2.31
2021-10-08,-1.59,-0.89,2.5,2.36
2021-10-11,,,,
2021-10-12,-1.56,-0.9,2.49,2.34
2021-10-13,-1.59,-0.96,2.52,2.36
2021-10-14,-1.64,-1.0,2.52,2.35
2021-10-15,-1.58,-0.97,2.56,2.41
2021-10-18,-1.55,-0.95,2.54,2.37
2021-10-19,-1.54,-0.89,2.54,2.37
2021-10-20,-1.61,-0.92,2.57,2.37
2021-10-21,-1.71,-0.96,2.64,2.34
2021-10-22,-1.69,-0.98,2.64,2.37
2021-10-25,-1.76,-1.02,2.66,2.37
2021-10-26,-1.79,-1.06,2.69,2.39
2021-10-27,-1.8,-1.11,2.65,2.34
2021-10-28,-1.72,-1.0,2.57,2.24
2021-10-29,-1.71,-0.96,2.51,2.13
2021-11-01,-1.66,-0.92,2.5,2.14
2021-11-02,-1.69,-0.95,2.51,2.18
2021-11-03,-1.67,-0.93,2.53,2.2
2021-11-04,-1.78,-1.03,2.56,2.24
2021-11-05,-1.83,-1.09,2.54,2.21
2021-11-08,-1.81,-1.11,2.62,2.3
2021-11-09,-1.88,-1.17,2.63,2.3
2021-11-10,-1.85,-1.14,2.7,2.32
2021-11-11,,,,
2021-11-12,-1.87,-1.15,2.73,2.35
2021-11-15,-1.91,-1.13,2.76,2.35
2021-11-16,-1.9,-1.1,2.73,2.29
2021-11-17,-1.9,-1.1,2.7,2.26
2021-11-18,-1.89,-1.14,2.73,2.35
2021-11-19,-1.8,-1.11,2.65,2.28
2021-11-22,-1.65,-0.98,2.61,2.24
2021-11-23,-1.67,-0.95,2.62,2.24
2021-11-24,-1.69,-0.97,2.61,2.19
2021-11-25,,,,
2021-11-26,-1.76,-1.07,2.55,2.18
2021-11-29,-1.73,-1.02,2.54,2.17
2021-11-30,-1.66,-1.07,2.5,2.2
2021-12-01,-1.55,-1.01,2.44,2.18
2021-12-02,-1.52,-1.03,2.47,2.21
2021-12-03,-1.59,-1.08,2.43,2.14
2021-12-06,-1.58,-1.01,2.44,2.09
2021-12-07,-1.58,-0.99,2.47,2.1
2021-12-08,-1.61,-1.0,2.52,2.16
2021-12-09,-1.54,-0.98,2.47,2.14
2021-12-10,-1.51,-0.96,2.44,2.12
2021-12-13,-1.52,-0.98,2.4,2.07
2021-12-14,-1.43,-0.93,2.37,2.08
2021-12-15,-1.41,-0.92,2.39,2.11
2021-12-16,-1.51,-0.98,2.42,2.14
2021-12-17,-1.47,-0.97,2.38,2.11
2021-12-20,-1.48,-0.96,2.39,2.13
2021-12-21,-1.45,-0.96,2.44,2.19
2021-12-22,-1.47,-1.01,2.47,2.24
2021-12-23,-1.47,-0.97,2.47,2.22
2021-12-24,,,,
2021-12-27,-1.49,-1.02,2.5,2.25
2021-12-28,-1.51,-1.01,2.5,2.22
2021-12-29,-1.54,-0.98,2.53,2.23
2021-12-30,-1.59,-1.06,2.58,2.3
2021-12-31,-1.61,-1.04,2.56,2.25
2022-01-03,-1.58,-0.97,2.6,2.25
2022-01-04,-1.56,-0.91,2.57,2.21
2022-01-05,-1.44,-0.82,2.53,2.19
2022-01-06,-1.3,-0.73,2.46,2.15
2022-01-07,-1.28,-0.72,2.48,2.18
2022-01-10,-1.24,-0.7,2.48,2.19
2022-01-11,-1.36,-0.79,2.54,2.21
2022-01-12,-1.32,-0.74,2.48,2.14
2022-01-13,-1.3,-0.73,2.43,2.09
2022-01-14,-1.24,-0.66,2.44,2.09
2022-01-17,,,,
2022-01-18,-1.15,-0.59,2.46,2.12
2022-01-19,-1.11,-0.57,2.4,2.07
2022-01-20,-1.12,-0.5,2.33,1.92
2022-01-21,-1.16,-0.59,2.34,1.98
2022-01-24,-1.21,-0.63,2.38,2.02
2022-01-25,-1.22,-0.63,2.41,2.04
2022-01-26,-1.09,-0.53,2.38,2.01
2022-01-27,-1.1,-0.59,2.4,2.04
2022-01-28,-1.19,-0.66,2.44,2.08
2022-01-31,-1.2,-0.65,2.44,2.06
2022-02-01,-1.17,-0.62,2.43,2.06
2022-02-02,-1.19,-0.63,2.41,2.03
2022-02-03,-1.1,-0.56,2.38,2.0
2022-02-04,-1.0,-0.48,2.41,2.04
2022-02-07,-0.99,-0.48,2.4,2.05
2022-02-08,-0.96,-0.46,2.42,2.07
2022-02-09,-0.96,-0.48,2.42,2.06
2022-02-10,-0.85,-0.42,2.45,2.09
2022-02-11,-0.98,-0.51,2.43,2.04
2022-02-14,-1.01,-0.5,2.48,2.05
2022-02-15,-0.95,-0.43,2.48,2.07
2022-02-16,-0.97,-0.43,2.46,2.05
2022-02-17,-1.02,-0.46,2.43,1.99
2022-02-18,-1.04,-0.49,2.41,1.96
2022-02-21,,,,
2022-02-22,-1.04,-0.51,2.45,2.01
2022-02-23,-1.12,-0.54,2.53,2.05
2022-02-24,-1.21,-0.59,2.55,2.05
2022-02-25,-1.16,-0.57,2.54,2.06
2022-02-28,-1.4,-0.79,2.62,2.13
2022-03-01,-1.58,-0.9,2.62,2.1
2022-03-02,-1.49,-0.85,2.71,2.19
2022-03-03,-1.43,-0.83,2.69,2.21
2022-03-04,-1.54,-0.93,2.67,2.15
2022-03-07,-1.58,-0.99,2.77,2.25
2022-03-08,-1.63,-1.04,2.9,2.37
2022-03-09,-1.46,-0.9,2.84,2.35
2022-03-10,-1.5,-0.88,2.86,2.3
2022-03-11,-1.56,-0.94,2.94,2.36
2022-03-14,-1.4,-0.79,2.93,2.36
2022-03-15,-1.32,-0.69,2.84,2.26
2022-03-16,-1.16,-0.61,2.8,2.26
2022-03-17,-1.34,-0.71,2.91,2.31
2022-03-18,-1.34,-0.72,2.86,2.24
2022-03-21,-1.19,-0.58,2.9,2.28
2022-03-22,-1.13,-0.53,2.91,2.3
2022-03-23,-1.23,-0.62,2.94,2.31
2022-03-24,-1.2,-0.58,2.92,2.27
2022-03-25,-1.04,-0.47,2.95,2.31
2022-03-28,-1.02,-0.49,2.95,2.34
2022-03-29,-0.91,-0.45,2.86,2.32
2022-03-30,-0.97,-0.51,2.86,2.31
2022-03-31,-0.92,-0.52,2.84,2.34
2022-04-01,-0.73,-0.41,2.8,2.32
2022-04-04,-0.72,-0.38,2.8,2.32
2022-04-05,-0.62,-0.3,2.84,2.37
2022-04-06,-0.58,-0.22,2.83,2.38
2022-04-07,-0.56,-0.16,2.82,2.38
2022-04-08,-0.57,-0.15,2.87,2.41
2022-04-11,-0.58,-0.12,2.91,2.45
2022-04-12,-0.65,-0.14,2.86,2.41
2022-04-13,-0.59,-0.1,2.8,2.35
2022-04-14,-0.54,-0.06,2.89,2.45
2022-04-15,,,,
2022-04-18,-0.57,-0.07,2.92,2.48
2022-04-19,-0.45,0.0,2.93,2.5
2022-04-20,-0.49,-0.07,2.92,2.48
2022-04-21,-0.41,-0.12,3.02,2.67
2022-04-22,-0.43,-0.08,2.98,2.59
2022-04-25,-0.43,-0.1,2.91,2.55
2022-04-26,-0.46,-0.08,2.85,2.45
2022-04-27,-0.47,-0.06,2.88,2.48
2022-04-28,-0.53,-0.12,2.97,2.55
2022-04-29,-0.38,0.01,2.88,2.46
2022-05-02,-0.2,0.18,2.81,2.41
2022-05-03,-0.2,0.14,2.83,2.45
2022-05-04,-0.31,0.07,2.86,2.48
2022-05-05,-0.22,0.18,2.87,2.51
2022-05-06,-0.16,0.26,2.86,2.5
2022-05-09,-0.11,0.3,2.75,2.44
2022-05-10,-0.01,0.34,2.65,2.38
2022-05-11,-0.11,0.21,2.7,2.4
2022-05-12,-0.08,0.25,2.59,2.29
2022-05-13,-0.14,0.24,2.69,2.35
2022-05-16,-0.21,0.2,2.68,2.32
2022-05-17,-0.12,0.27,2.71,2.34
2022-05-18,-0.16,0.17,2.72,2.39
2022-05-19,-0.13,0.25,2.59,2.21
2022-05-20,-0.08,0.23,2.55,2.22
2022-05-23,-0.04,0.26,2.6,2.28
2022-05-24,-0.11,0.21,2.55,2.23
2022-05-25,-0.17,0.19,2.56,2.24
2022-05-26,-0.26,0.13,2.62,2.28
2022-05-27,-0.24,0.11,2.63,2.31
2022-05-30,,,,
2022-05-31,-0.15,0.21,2.64,2.32
2022-06-01,-0.02,0.29,2.65,2.34
2022-06-02,-0.05,0.26,2.66,2.35
2022-06-03,-0.09,0.22,2.74,2.44
2022-06-06,-0.02,0.28,2.76,2.47
2022-06-07,-0.04,0.25,2.73,2.43
2022-06-08,-0.03,0.28,2.75,2.44
2022-06-09,-0.01,0.29,2.75,2.42
2022-06-10,0.12,0.39,2.76,2.39
2022-06-13,0.45,0.69,2.74,2.37
2022-06-14,0.73,0.89,2.6,2.32
2022-06-15,0.38,0.63,2.7,2.4
2022-06-16,0.48,0.66,2.62,2.37
2022-06-17,0.54,0.67,2.58,2.36
2022-06-20,,,,
2022-06-21,0.54,0.7,2.61,2.38
2022-06-22,0.48,0.62,2.54,2.34
2022-06-23,0.45,0.59,2.5,2.31
2022-06-24,0.36,0.57,2.56,2.3
2022-06-27,0.45,0.65,2.55,2.31
2022-06-28,0.52,0.72,2.48,2.23
2022-06-29,0.56,0.74,2.36,2.13
2022-06-30,0.43,0.65,2.33,2.08
2022-07-01,0.28,0.54,2.34,2.08
2022-07-04,,,,
2022-07-05,0.31,0.52,2.3,2.09
2022-07-06,0.48,0.64,2.29,2.1
2022-07-07,0.52,0.68,2.33,2.13
2022-07-08,0.51,0.72,2.37,2.12
2022-07-11,0.49,0.67,2.32,2.08
2022-07-12,0.51,0.64,2.32,2.14
2022-07-13,0.51,0.6,2.31,2.11
2022-07-14,0.52,0.62,2.34,2.14
2022-07-15,0.46,0.57,2.36,2.13
2022-07-18,0.43,0.59,2.37,2.11
2022-07-19,0.47,0.62,2.39,2.11
2022-07-20,0.51,0.66,2.38,2.09
2022-07-21,0.45,0.58,2.33,2.11
2022-07-22,0.31,0.43,2.34,2.12
2022-07-25,0.31,0.45,2.36,2.14
2022-07-26,0.33,0.45,2.36,2.16
2022-07-27,0.21,0.36,2.42,2.23
2022-07-28,0.02,0.2,2.48,2.29
2022-07-29,-0.03,0.14,2.53,2.33
2022-08-01,-0.06,0.09,2.51,2.3
2022-08-02,0.16,0.27,2.48,2.27
2022-08-03,0.14,0.23,2.5,2.28
2022-08-04,0.12,0.22,2.46,2.28
2022-08-05,0.33,0.37,2.46,2.28
2022-08-08,0.26,0.29,2.48,2.31
2022-08-09,0.31,0.33,2.47,2.28
2022-08-10,0.32,0.35,2.43,2.25
2022-08-11,0.31,0.4,2.47,2.27
2022-08-12,0.3,0.37,2.47,2.27
2022-08-15,0.29,0.35,2.44,2.26
2022-08-16,0.34,0.38,2.44,2.27
2022-08-17,0.39,0.43,2.46,2.27
2022-08-18,0.32,0.36,2.52,2.34
2022-08-19,0.39,0.43,2.55,2.38
2022-08-22,0.43,0.46,2.57,2.4
2022-08-23,0.41,0.47,2.58,2.39
2022-08-24,0.41,0.49,2.62,2.45
2022-08-25,0.38,0.43,2.6,2.43
2022-08-26,0.47,0.47,2.57,2.41
2022-08-29,0.56,0.54,2.58,2.45
2022-08-30,0.6,0.56,2.55,2.43
2022-08-31,0.72,0.67,2.48,2.38
2022-09-01,0.87,0.81,2.45,2.38
2022-09-02,0.75,0.73,2.47,2.39
2022-09-05,,,,
2022-09-06,0.87,0.85,2.48,2.4
2022-09-07,0.86,0.82,2.45,2.39
2022-09-08,0.93,0.88,2.41,2.36
2022-09-09,0.94,0.91,2.42,2.33
2022-09-12,0.95,0.95,2.42,2.32
2022-09-13,1.02,0.98,2.44,2.32
2022-09-14,0.98,0.95,2.46,2.3
2022-09-15,1.09,1.02,2.43,2.29
2022-09-16,1.13,1.07,2.38,2.27
2022-09-19,1.25,1.15,2.34,2.24
2022-09-20,1.27,1.17,2.4,2.32
2022-09-21,1.27,1.13,2.38,2.29
2022-09-22,1.46,1.29,2.41,2.37
2022-09-23,1.58,1.32,2.37,2.36
2022-09-26,1.82,1.56,2.32,2.31
2022-09-27,1.86,1.64,2.33,2.31
2022-09-28,1.55,1.39,2.33,2.29
2022-09-29,1.8,1.57,2.19,2.2
2022-09-30,1.92,1.68,2.15,2.16
2022-10-03,1.64,1.43,2.24,2.22
2022-10-04,1.56,1.38,2.24,2.2
2022-10-05,1.7,1.54,2.22,2.18
2022-10-06,1.76,1.61,2.22,2.15
2022-10-07,1.78,1.62,2.27,2.18
2022-10-10,,,,
2022-10-11,1.78,1.62,2.31,2.26
2022-10-12,1.8,1.62,2.29,2.26
2022-10-13,1.83,1.63,2.34,2.3
2022-10-14,1.81,1.59,2.41,2.38
2022-10-17,1.76,1.57,2.45,2.42
2022-10-18,1.79,1.6,2.41,2.4
2022-10-19,1.89,1.72,2.42,2.38
2022-10-20,1.8,1.73,2.51,2.37
2022-10-21,1.65,1.69,2.52,2.35
2022-10-24,1.64,1.66,2.59,2.46
2022-10-25,1.63,1.59,2.51,2.4
2022-10-26,1.64,1.6,2.44,2.32
2022-10-27,1.52,1.51,2.45,2.33
2022-10-28,1.57,1.51,2.51,2.4
2022-10-31,1.6,1.58,2.52,2.37
2022-11-01,1.62,1.56,2.51,2.37
2022-11-02,1.62,1.57,2.53,2.38
2022-11-03,1.82,1.74,2.4,2.26
2022-11-04,1.72,1.69,2.48,2.35
2022-11-07,1.72,1.69,2.53,2.39
2022-11-08,1.7,1.64,2.5,2.39
2022-11-09,1.74,1.7,2.42,2.31
2022-11-10,1.48,1.43,2.39,2.31
2022-11-11,,,,
2022-11-14,1.58,1.51,2.37,2.32
2022-11-15,1.53,1.45,2.35,2.3
2022-11-16,1.48,1.38,2.29,2.23
2022-11-17,1.61,1.49,2.28,2.24
2022-11-18,1.71,1.57,2.25,2.22
2022-11-21,1.63,1.52,2.31,2.28
2022-11-22,1.58,1.44,2.32,2.29
2022-11-23,1.55,1.39,2.32,2.31
2022-11-24,,,,
2022-11-25,1.51,1.36,2.32,2.3
2022-11-28,1.59,1.43,2.26,2.23
2022-11-29,1.62,1.5,2.25,2.2
2022-11-30,1.41,1.34,2.34,2.27
2022-12-01,1.23,1.17,2.36,2.27
2022-12-02,1.16,1.08,2.43,2.35
2022-12-05,1.34,1.21,2.39,2.32
2022-12-06,1.35,1.2,2.31,2.24
2022-12-07,1.29,1.16,2.26,2.19
2022-12-08,1.35,1.2,2.28,2.2
2022-12-09,1.45,1.31,2.26,2.22
2022-12-12,1.45,1.33,2.28,2.21
2022-12-13,1.35,1.27,2.24,2.17
2022-12-14,1.39,1.3,2.19,2.13
2022-12-15,1.41,1.28,2.16,2.11
2022-12-16,1.47,1.35,2.13,2.12
2022-12-19,1.51,1.42,2.15,2.11
2022-12-20,1.53,1.45,2.24,2.22
2022-12-21,1.47,1.41,2.27,2.23
2022-12-22,1.55,1.48,2.19,2.14
2022-12-23,1.57,1.55,2.2,2.11
2022-12-26,,,,
2022-12-27,1.61,1.58,2.26,2.19
2022-12-28,1.64,1.6,2.28,2.23
2022-12-29,1.62,1.56,2.27,2.22
2022-12-30,1.66,1.58,2.3,2.27
2023-01-02,,,,
2023-01-03,1.65,1.53,2.26,2.23
2023-01-04,1.64,1.47,2.22,2.23
2023-01-05,1.68,1.49,2.22,2.22
2023-01-06,1.51,1.34,2.21,2.24
2023-01-09,1.48,1.31,2.22,2.26
2023-01-10,1.52,1.37,2.24,2.28
2023-01-11,1.45,1.31,2.23,2.25
2023-01-12,1.32,1.22,2.21,2.21
2023-01-13,1.4,1.31,2.18,2.16
2023-01-16,,,,
2023-01-17,1.42,1.36,2.17,2.16
2023-01-18,1.34,1.25,2.12,2.15
2023-01-19,1.27,1.19,2.2,2.19
2023-01-20,1.33,1.25,2.23,2.23
2023-01-23,1.33,1.24,2.28,2.28
2023-01-24,1.29,1.19,2.27,2.25
2023-01-25,1.26,1.17,2.29,2.3
2023-01-26,1.26,1.16,2.33,2.34
2023-01-27,1.29,1.19,2.33,2.33
2023-01-30,1.38,1.26,2.29,2.28
2023-01-31,1.36,1.28,2.24,2.21
2023-02-01,1.19,1.14,2.25,2.21
2023-02-02,1.23,1.18,2.22,2.18
2023-02-03,1.4,1.31,2.22,2.17
2023-02-06,1.48,1.38,2.25,2.17
2023-02-07,1.45,1.36,2.31,2.22
2023-02-08,1.36,1.29,2.34,2.22
2023-02-09,1.42,1.34,2.33,2.21
2023-02-10,1.46,1.41,2.33,2.19
2023-02-13,1.49,1.41,2.31,2.18
2023-02-14,1.55,1.46,2.31,2.17
2023-02-15,1.53,1.46,2.35,2.19
2023-02-16,1.54,1.49,2.37,2.22
2023-02-17,1.53,1.46,2.36,2.22
2023-02-20,,,,
2023-02-21,1.58,1.53,2.42,2.26
2023-02-22,1.61,1.52,2.41,2.3
2023-02-23,1.59,1.49,2.39,2.28
2023-02-24,1.72,1.57,2.38,2.29
2023-02-27,1.68,1.56,2.36,2.23
2023-02-28,1.6,1.49,2.43,2.28
2023-03-01,1.68,1.57,2.44,2.29
2023-03-02,1.67,1.6,2.48,2.31
2023-03-03,1.55,1.45,2.52,2.33
2023-03-06,1.57,1.49,2.49,2.28
2023-03-07,1.77,1.59,2.38,2.22
2023-03-08,1.87,1.66,2.32,2.17
2023-03-09,1.79,1.63,2.3,2.17
2023-03-10,1.62,1.44,2.26,2.18
2023-03-13,1.42,1.31,2.24,2.22
2023-03-14,1.43,1.33,2.31,2.27
2023-03-15,1.26,1.22,2.29,2.25
2023-03-16,1.46,1.34,2.22,2.18
2023-03-17,1.34,1.29,2.1,2.1
2023-03-20,1.42,1.33,2.14,2.14
2023-03-21,1.48,1.36,2.23,2.21
2023-03-22,1.23,1.2,2.28,2.25
2023-03-23,1.13,1.19,2.19,2.12
2023-03-24,1.2,1.16,2.22,2.23
2023-03-27,1.32,1.29,2.24,2.21
2023-03-28,1.29,1.24,2.31,2.28
2023-03-29,1.29,1.24,2.33,2.28
2023-03-30,1.26,1.21,2.34,2.28
2023-03-31,1.2,1.16,2.32,2.24
2023-04-03,1.13,1.14,2.29,2.19
2023-04-04,1.07,1.1,2.25,2.18
2023-04-05,1.07,1.07,2.23,2.17
2023-04-06,1.06,1.06,2.24,2.17
2023-04-07,1.16,1.14,2.25,2.17
2023-04-10,1.18,1.14,2.27,2.2
2023-04-11,1.18,1.14,2.29,2.22
2023-04-12,1.17,1.14,2.27,2.25
2023-04-13,1.22,1.16,2.29,2.29
2023-04-14,1.29,1.22,2.3,2.29
2023-04-17,1.34,1.28,2.32,2.29
2023-04-18,1.36,1.3,2.28,2.23
2023-04-19,1.38,1.32,2.28,2.23
2023-04-20,1.35,1.28,2.26,2.24
2023-04-21,1.36,1.29,2.28,2.26
2023-04-24,1.27,1.24,2.28,2.23
2023-04-25,1.17,1.15,2.25,2.24
2023-04-26,1.2,1.18,2.25,2.24
2023-04-27,1.31,1.26,2.27,2.25
2023-04-28,1.31,1.26,2.18,2.16
2023-05-01,1.4,1.36,2.23,2.22
2023-05-02,1.28,1.24,2.2,2.22
2023-05-03,1.18,1.18,2.2,2.21
2023-05-04,1.16,1.18,2.19,2.25
2023-05-05,1.22,1.23,2.21,2.23
2023-05-08,1.27,1.29,2.23,2.24
2023-05-09,1.29,1.3,2.23,2.24
2023-05-10,1.24,1.26,2.17,2.21
2023-05-11,1.26,1.23,2.16,2.22
2023-05-12,1.34,1.28,2.18,2.25
2023-05-15,1.34,1.31,2.19,2.26
2023-05-16,1.41,1.35,2.19,2.27
2023-05-17,1.42,1.35,2.22,2.28
2023-05-18,1.53,1.42,2.23,2.3
2023-05-19,1.57,1.46,2.24,2.29
2023-05-22,1.59,1.48,2.24,2.3
2023-05-23,1.55,1.44,2.26,2.31
2023-05-24,1.61,1.48,2.25,2.36
2023-05-25,1.78,1.58,2.25,2.38
2023-05-26,1.79,1.57,2.23,2.33
2023-05-29,,,,
2023-05-30,1.69,1.47,2.22,2.32
2023-05-31,1.67,1.46,2.18,2.29
2023-06-01,1.63,1.45,2.16,2.25
2023-06-02,1.71,1.51,2.18,2.23
2023-06-05,1.67,1.5,2.19,2.23
2023-06-06,1.71,1.5,2.2,2.26
2023-06-07,1.78,1.58,2.21,2.27
2023-06-08,1.73,1.53,2.2,2.26
2023-06-09,1.79,1.55,2.2,2.27
2023-06-12,1.8,1.56,2.17,2.25
2023-06-13,1.89,1.64,2.2,2.28
2023-06-14,1.91,1.62,2.21,2.27
2023-06-15,1.75,1.51,2.21,2.26
2023-06-16,1.82,1.55,2.22,2.27
2023-06-19,,,,
2023-06-20,1.82,1.52,2.22,2.3
2023-06-21,1.8,1.51,2.21,2.27
2023-06-22,1.85,1.56,2.24,2.3
2023-06-23,1.83,1.53,2.21,2.26
2023-06-26,1.83,1.54,2.18,2.23
2023-06-27,1.9,1.57,2.2,2.28
2023-06-28,1.85,1.53,2.18,2.24
2023-06-29,1.99,1.65,2.2,2.25
2023-06-30,1.95,1.59,2.22,2.26
2023-07-03,1.98,1.61,2.25,2.29
2023-07-04,,,,
2023-07-05,2.05,1.69,2.26,2.32
2023-07-06,2.15,1.78,2.27,2.32
2023-07-07,2.13,1.79,2.27,2.32
2023-07-10,2.06,1.76,2.25,2.31
2023-07-11,2.08,1.75,2.24,2.32
2023-07-12,1.89,1.6,2.26,2.34
2023-07-13,1.77,1.52,2.24,2.32
2023-07-14,1.89,1.59,2.24,2.33
2023-07-17,1.86,1.56,2.25,2.34
2023-07-18,1.87,1.57,2.23,2.33
2023-07-19,1.85,1.53,2.22,2.31
2023-07-20,1.87,1.5,2.35,2.49
2023-07-21,1.86,1.49,2.35,2.47
2023-07-24,1.85,1.48,2.38,2.48
2023-07-25,1.89,1.52,2.39,2.52
2023-07-26,1.85,1.5,2.36,2.48
2023-07-27,1.97,1.64,2.37,2.47
2023-07-28,1.9,1.58,2.38,2.48
2023-07-31,1.91,1.6,2.37,2.47
2023-08-01,1.98,1.68,2.37,2.48
2023-08-02,1.99,1.72,2.36,2.47
2023-08-03,2.06,1.83,2.37,2.5
2023-08-04,1.89,1.67,2.38,2.5
2023-08-07,1.87,1.68,2.41,2.53
2023-08-08,1.86,1.66,2.36,2.48
2023-08-09,1.89,1.66,2.34,2.45
2023-08-10,1.96,1.76,2.33,2.41
2023-08-11,2.01,1.8,2.36,2.42
2023-08-14,2.07,1.83,2.36,2.43
2023-08-15,2.12,1.89,2.32,2.4
2023-08-16,2.19,1.96,2.32,2.41
2023-08-17,2.18,1.97,2.33,2.42
2023-08-18,2.16,1.94,2.32,2.42
2023-08-21,2.21,2.0,2.34,2.43
2023-08-22,2.22,1.99,2.35,2.43
2023-08-23,2.1,1.84,2.35,2.44
2023-08-24,2.15,1.91,2.32,2.4
2023-08-25,2.19,1.92,2.33,2.41
2023-08-28,2.17,1.9,2.3,2.39
2023-08-29,2.08,1.83,2.29,2.4
2023-08-30,2.11,1.86,2.26,2.36
2023-08-31,2.08,1.85,2.24,2.33
2023-09-01,2.12,1.92,2.26,2.35
2023-09-04,,,,
2023-09-05,2.16,1.98,2.29,2.37
2023-09-06,2.21,2.0,2.3,2.37
2023-09-07,2.14,1.95,2.32,2.4
2023-09-08,2.13,1.93,2.33,2.4
2023-09-11,2.14,1.94,2.35,2.44
2023-09-12,2.14,1.93,2.34,2.41
2023-09-13,2.11,1.9,2.35,2.42
2023-09-14,2.15,1.95,2.34,2.41
2023-09-15,2.18,1.98,2.35,2.43
2023-09-18,2.17,1.96,2.36,2.43
2023-09-19,2.21,2.0,2.37,2.44
2023-09-20,2.25,2.0,2.35,2.43
2023-09-21,2.32,2.11,2.38,2.47
2023-09-22,2.28,2.07,2.37,2.45
2023-09-25,2.37,2.18,2.37,2.49
2023-09-26,2.42,2.23,2.33,2.46
2023-09-27,2.44,2.27,2.34,2.45
2023-09-28,2.35,2.2,2.39,2.51
2023-09-29,2.38,2.24,2.35,2.48
2023-10-02,2.49,2.34,2.35,2.47
2023-10-03,2.59,2.45,2.36,2.51
2023-10-04,2.54,2.4,2.33,2.48
2023-10-05,2.54,2.41,2.31,2.48
2023-10-06,2.58,2.47,2.31,2.45
2023-10-09,,,,
2023-10-10,2.44,2.34,2.32,2.46
2023-10-11,2.39,2.26,2.32,2.44
2023-10-12,2.46,2.36,2.34,2.45
2023-10-13,2.39,2.29,2.34,2.42
2023-10-16,2.42,2.33,2.38,2.46
2023-10-17,2.54,2.42,2.41,2.5
2023-10-18,2.57,2.47,2.44,2.53
2023-10-19,2.43,2.49,2.49,2.46
2023-10-20,2.39,2.46,2.47,2.47
2023-10-23,2.4,2.45,2.41,2.41
2023-10-24,2.44,2.43,2.4,2.42
2023-10-25,2.49,2.52,2.43,2.46
2023-10-26,2.42,2.44,2.42,2.47
2023-10-27,2.37,2.42,2.42,2.45
2023-10-30,2.4,2.44,2.44,2.48
2023-10-31,2.42,2.46,2.42,2.44
2023-11-01,2.31,2.36,2.41,2.46
2023-11-02,2.3,2.27,2.4,2.45
2023-11-03,2.17,2.18,2.39,2.46
2023-11-06,2.25,2.25,2.42,2.49
2023-11-07,2.21,2.19,2.39,2.46
2023-11-08,2.22,2.15,2.34,2.39
2023-11-09,2.35,2.29,2.33,2.36
2023-11-10,2.37,2.29,2.32,2.36
2023-11-13,2.37,2.32,2.31,2.33
2023-11-14,2.19,2.16,2.28,2.33
2023-11-15,2.28,2.22,2.31,2.38
2023-11-16,2.23,2.18,2.27,2.34
2023-11-17,2.22,2.16,2.28,2.33
2023-11-20,2.18,2.12,2.3,2.34
2023-11-21,2.22,2.16,2.25,2.31
2023-11-22,2.23,2.16,2.26,2.31
2023-11-23,,,,
2023-11-24,2.28,2.21,2.26,2.31
2023-11-27,2.26,2.18,2.21,2.3
2023-11-28,2.14,2.12,2.22,2.29
2023-11-29,2.08,2.06,2.21,2.28
2023-11-30,2.16,2.14,2.23,2.31
2023-12-01,2.02,2.0,2.22,2.32
2023-12-04,2.1,2.07,2.21,2.29
2023-12-05,2.05,2.01,2.17,2.25
2023-12-06,2.07,1.98,2.14,2.23
2023-12-07,2.05,1.97,2.17,2.28
2023-12-08,2.13,2.02,2.21,2.31
2023-12-11,2.14,2.04,2.19,2.27
2023-12-12,2.15,2.04,2.16,2.24
2023-12-13,1.92,1.88,2.16,2.24
2023-12-14,1.72,1.7,2.22,2.26
2023-12-15,1.74,1.69,2.22,2.27
2023-12-18,1.76,1.74,2.21,2.24
2023-12-19,1.77,1.74,2.19,2.21
2023-12-20,1.7,1.67,2.19,2.22
2023-12-21,1.69,1.7,2.19,2.2
2023-12-22,1.71,1.71,2.19,2.22
2023-12-25,,,,
2023-12-26,1.72,1.71,2.18,2.19
2023-12-27,1.66,1.64,2.15,2.18
2023-12-28,1.72,1.68,2.16,2.21
2023-12-29,1.72,1.72,2.16,2.2
2024-01-01,,,,
2024-01-02,1.76,1.74,2.21,2.25
2024-01-03,1.73,1.71,2.2,2.23
2024-01-04,1.79,1.77,2.22,2.26
2024-01-05,1.83,1.83,2.22,2.25
2024-01-08,1.78,1.79,2.22,2.25
2024-01-09,1.8,1.8,2.22,2.27
2024-01-10,1.81,1.82,2.22,2.26
2024-01-11,1.72,1.76,2.22,2.26
2024-01-12,1.62,1.69,2.27,2.32
2024-01-15,,,,
2024-01-16,1.71,1.77,2.3,2.36
2024-01-17,1.78,1.8,2.3,2.36
2024-01-18,1.76,1.8,2.34,2.4
2024-01-19,1.78,1.81,2.34,2.38
2024-01-22,1.76,1.8,2.31,2.35
2024-01-23,1.8,1.85,2.29,2.32
2024-01-24,1.83,1.88,2.3,2.37
2024-01-25,1.77,1.85,2.29,2.34
2024-01-26,1.78,1.85,2.3,2.34
2024-01-29,1.71,1.78,2.3,2.34
2024-01-30,1.75,1.8,2.26,2.27
2024-01-31,1.67,1.73,2.26,2.28
2024-02-01,1.63,1.68,2.19,2.21
2024-02-02,1.8,1.82,2.21,2.23
2024-02-05,1.87,1.9,2.27,2.28
2024-02-06,1.79,1.85,2.24,2.24
2024-02-07,1.8,1.86,2.23,2.2
2024-02-08,1.84,1.91,2.24,2.2
2024-02-09,1.86,1.92,2.25,2.22
2024-02-12,1.86,1.93,2.24,2.21
2024-02-13,1.98,2.02,2.29,2.25
2024-02-14,1.91,1.97,2.3,2.26
2024-02-15,1.87,1.94,2.3,2.25
2024-02-16,1.91,1.97,2.33,2.28
2024-02-19,,,,
2024-02-20,1.88,1.95,2.32,2.27
2024-02-21,1.91,1.98,2.34,2.29
2024-02-22,1.96,2.02,2.31,2.25
2024-02-23,1.94,1.96,2.3,2.26
2024-02-26,1.93,1.97,2.31,2.26
2024-02-27,1.94,1.99,2.32,2.26
2024-02-28,1.88,1.94,2.33,2.28
2024-02-29,1.86,1.92,2.33,2.26
2024-03-01,1.77,1.87,2.32,2.24
2024-03-04,1.79,1.88,2.34,2.26
2024-03-05,1.74,1.81,2.32,2.25
2024-03-06,1.74,1.81,2.3,2.22
2024-03-07,1.73,1.81,2.28,2.22
2024-03-08,1.72,1.81,2.28,2.22
2024-03-11,1.76,1.83,2.27,2.22
2024-03-12,1.8,1.86,2.3,2.25
2024-03-13,1.82,1.89,2.3,2.23
2024-03-14,1.92,1.99,2.3,2.23
2024-03-15,1.94,1.99,2.32,2.25
2024-03-18,1.97,2.03,2.31,2.23
2024-03-19,1.93,2.0,2.3,2.22
2024-03-20,1.85,1.96,2.31,2.22
2024-03-21,1.83,1.93,2.34,2.25
2024-03-22,1.79,1.87,2.35,2.29
2024-03-25,1.82,1.92,2.33,2.25
2024-03-26,1.84,1.92,2.32,2.26
2024-03-27,1.81,1.88,2.32,2.27
2024-03-28,1.83,1.88,2.32,2.26
2024-03-29,,,,
2024-04-01,1.93,1.98,2.35,2.29
2024-04-02,1.91,2.0,2.36,2.28
2024-04-03,1.91,2.0,2.36,2.29
2024-04-04,1.88,1.97,2.34,2.26
2024-04-05,1.93,2.02,2.37,2.29
2024-04-08,1.96,2.04,2.38,2.29
2024-04-09,1.93,2.0,2.36,2.28
2024-04-10,2.12,2.15,2.4,2.31
2024-04-11,2.13,2.16,2.4,2.32
2024-04-12,2.07,2.11,2.39,2.31
2024-04-15,2.13,2.2,2.43,2.34
2024-04-16,2.17,2.24,2.43,2.34
2024-04-17,2.15,2.2,2.39,2.31
2024-04-18,2.24,2.24,2.4,2.36
2024-04-19,2.22,2.21,2.41,2.38
2024-04-22,2.21,2.21,2.41,2.37
2024-04-23,2.19,2.2,2.41,2.38
2024-04-24,2.22,2.24,2.41,2.4
2024-04-25,2.27,2.28,2.42,2.41
2024-04-26,2.24,2.24,2.43,2.42
2024-04-29,2.22,2.22,2.41,2.39
2024-04-30,2.29,2.28,2.41,2.39
2024-05-01,2.25,2.25,2.38,2.37
2024-05-02,2.2,2.21,2.37,2.37
2024-05-03,2.13,2.15,2.35,2.35
2024-05-06,2.14,2.14,2.35,2.36
2024-05-07,2.16,2.15,2.32,2.32
2024-05-08,2.19,2.17,2.31,2.31
2024-05-09,2.13,2.13,2.32,2.3
2024-05-10,2.18,2.16,2.34,2.34
2024-05-13,2.17,2.15,2.33,2.33
2024-05-14,2.14,2.12,2.33,2.34
2024-05-15,2.06,2.05,2.31,2.33
2024-05-16,2.1,2.07,2.31,2.32
2024-05-17,2.12,2.1,2.32,2.32
2024-05-20,2.13,2.11,2.33,2.33
2024-05-21,2.1,2.09,2.32,2.31
2024-05-22,2.14,2.1,2.33,2.33
2024-05-23,2.21,2.17,2.3,2.29
2024-05-24,2.2,2.14,2.32,2.31
2024-05-27,,,,
2024-05-28,2.23,2.2,2.34,2.35
2024-05-29,2.27,2.25,2.36,2.36
2024-05-30,2.22,2.19,2.36,2.37
2024-05-31,2.18,2.16,2.35,2.36
2024-06-03,2.11,2.08,2.33,2.35
2024-06-04,2.07,2.02,2.31,2.34
2024-06-05,2.04,1.99,2.3,2.33
2024-06-06,2.04,2.0,2.28,2.31
2024-06-07,2.18,2.13,2.3,2.32
2024-06-10,2.21,2.16,2.31,2.35
2024-06-11,2.16,2.12,2.27,2.29
2024-06-12,2.15,2.09,2.22,2.27
2024-06-13,2.1,2.03,2.21,2.28
2024-06-14,2.11,2.03,2.17,2.23
2024-06-17,2.14,2.06,2.22,2.28
2024-06-18,2.07,2.01,2.21,2.25
2024-06-19,,,,
2024-06-20,2.05,2.0,2.25,2.29
2024-06-21,2.07,2.02,2.23,2.27
2024-06-24,2.09,2.03,2.22,2.26
2024-06-25,2.08,2.01,2.22,2.27
2024-06-26,2.12,2.06,2.26,2.32
2024-06-27,2.07,2.03,2.26,2.3
2024-06-28,2.09,2.08,2.28,2.32
2024-07-01,2.15,2.16,2.32,2.35
2024-07-02,2.13,2.13,2.3,2.34
2024-07-03,2.1,2.09,2.27,2.31
2024-07-04,,,,
2024-07-05,2.0,2.0,2.28,2.34
2024-07-08,2.01,2.01,2.27,2.32
2024-07-09,2.03,2.04,2.26,2.31
2024-07-10,2.02,2.01,2.27,2.32
2024-07-11,1.95,1.95,2.25,2.32
2024-07-12,1.95,1.94,2.24,2.33
2024-07-15,1.93,1.96,2.27,2.34
2024-07-16,1.89,1.91,2.26,2.32
2024-07-17,1.88,1.9,2.26,2.33
2024-07-18,1.92,1.89,2.31,2.43
2024-07-19,1.98,1.93,2.32,2.46
2024-07-22,1.99,1.96,2.3,2.42
2024-07-23,1.98,1.96,2.29,2.41
2024-07-24,1.99,2.0,2.28,2.43
2024-07-25,2.0,1.99,2.28,2.43
2024-07-26,1.93,1.93,2.27,2.41
2024-07-29,1.92,1.92,2.25,2.37
2024-07-30,1.91,1.9,2.25,2.38
2024-07-31,1.84,1.85,2.24,2.35
2024-08-01,1.78,1.79,2.2,2.34
2024-08-02,1.73,1.76,2.04,2.19
2024-08-05,1.71,1.71,2.07,2.23
2024-08-06,1.77,1.78,2.12,2.28
2024-08-07,1.82,1.85,2.11,2.25
2024-08-08,1.85,1.87,2.12,2.26
2024-08-09,1.84,1.84,2.1,2.24
2024-08-12,1.77,1.79,2.11,2.24
2024-08-13,1.72,1.76,2.09,2.22
2024-08-14,1.74,1.77,2.06,2.19
2024-08-15,1.8,1.8,2.12,2.25
2024-08-16,1.8,1.81,2.08,2.19
2024-08-19,1.81,1.79,2.07,2.2
2024-08-20,1.75,1.75,2.07,2.19
2024-08-21,1.7,1.72,2.07,2.2
2024-08-22,1.76,1.76,2.1,2.24
2024-08-23,1.64,1.68,2.13,2.25
2024-08-26,1.64,1.67,2.15,2.28
2024-08-27,1.64,1.68,2.15,2.28
2024-08-28,1.64,1.69,2.15,2.31
2024-08-29,1.65,1.71,2.16,2.31
2024-08-30,1.7,1.76,2.15,2.29
2024-09-02,,,,
2024-09-03,1.7,1.73,2.11,2.27
2024-09-04,1.66,1.7,2.07,2.24
2024-09-05,1.67,1.7,2.03,2.19
2024-09-06,1.64,1.69,2.03,2.2
2024-09-09,1.61,1.66,2.04,2.2
2024-09-10,1.57,1.63,2.02,2.18
2024-09-11,1.55,1.61,2.04,2.18
2024-09-12,1.54,1.63,2.05,2.17
2024-09-13,1.48,1.58,2.08,2.21
2024-09-16,1.47,1.54,2.09,2.24
2024-09-17,1.47,1.53,2.12,2.27
2024-09-18,1.49,1.58,2.12,2.26
2024-09-19,1.45,1.56,2.17,2.3
2024-09-20,1.46,1.58,2.15,2.28
2024-09-23,1.47,1.58,2.17,2.3
2024-09-24,1.41,1.55,2.19,2.32
2024-09-25,1.46,1.61,2.18,2.3
2024-09-26,1.52,1.63,2.16,2.29
2024-09-27,1.47,1.6,2.15,2.27
2024-09-30,1.51,1.63,2.18,2.29
2024-10-01,1.44,1.55,2.19,2.31
2024-10-02,1.45,1.58,2.21,2.32
2024-10-03,1.51,1.64,2.21,2.31
2024-10-04,1.67,1.75,2.23,2.32
2024-10-07,1.69,1.76,2.27,2.37
2024-10-08,1.69,1.77,2.27,2.37
2024-10-09,1.7,1.77,2.29,2.37
2024-10-10,1.65,1.76,2.33,2.4
2024-10-11,1.63,1.75,2.33,2.41
2024-10-14,,,,
2024-10-15,1.64,1.75,2.28,2.34
2024-10-16,1.65,1.75,2.27,2.35
2024-10-17,1.68,1.79,2.3,2.38
2024-10-18,1.65,1.77,2.31,2.39
2024-10-21,1.75,1.88,2.31,2.39
2024-10-22,1.75,1.87,2.33,2.41
2024-10-23,1.82,1.93,2.31,2.39
2024-10-24,1.7,1.91,2.3,2.27
2024-10-25,1.75,1.96,2.29,2.26
2024-10-28,1.8,1.99,2.29,2.27
2024-10-29,1.78,1.98,2.3,2.27
2024-10-30,1.77,1.95,2.34,2.31
2024-10-31,1.77,1.95,2.33,2.28
2024-11-01,1.85,2.04,2.33,2.29
2024-11-04,1.85,2.03,2.28,2.24
2024-11-05,1.84,1.99,2.27,2.22
2024-11-06,1.81,2.04,2.38,2.3
2024-11-07,1.77,1.98,2.33,2.26
2024-11-08,1.77,1.95,2.35,2.27
2024-11-11,,,,
2024-11-12,1.89,2.08,2.35,2.27
2024-11-13,1.88,2.09,2.35,2.28
2024-11-14,1.92,2.1,2.33,2.26
2024-11-15,1.91,2.1,2.33,2.27
2024-11-18,1.87,2.08,2.34,2.27
2024-11-19,1.84,2.05,2.34,2.27
2024-11-20,1.85,2.06,2.35,2.27
2024-11-21,1.88,2.09,2.34,2.26
2024-11-22,1.87,2.07,2.34,2.25
2024-11-25,1.82,1.98,2.29,2.23
2024-11-26,1.84,2.02,2.28,2.23
2024-11-27,1.79,1.99,2.26,2.2
2024-11-28,,,,
2024-11-29,1.72,1.92,2.26,2.19
2024-12-02,1.75,1.93,2.26,2.19
2024-12-03,1.75,1.95,2.28,2.2
2024-12-04,1.7,1.9,2.29,2.21
2024-12-05,1.72,1.92,2.25,2.15
2024-12-06,1.72,1.91,2.24,2.17
2024-12-09,1.74,1.93,2.27,2.21
2024-12-10,1.75,1.93,2.29,2.24
2024-12-11,1.75,1.96,2.3,2.22
2024-12-12,1.79,2.0,2.32,2.25
2024-12-13,1.85,2.07,2.33,2.26
2024-12-16,1.87,2.07,2.32,2.26
2024-12-17,1.9,2.09,2.31,2.26
2024-12-18,2.02,2.18,2.32,2.26
2024-12-19,2.08,2.28,2.29,2.23
2024-12-20,2.03,2.23,2.29,2.24
2024-12-23,2.06,2.27,2.32,2.26
2024-12-24,2.04,2.24,2.35,2.31
2024-12-25,,,,
2024-12-26,2.03,2.23,2.35,2.31
2024-12-27,2.07,2.28,2.34,2.3
2024-12-30,2.02,2.24,2.31,2.27
2024-12-31,2.0,2.24,2.34,2.3
2025-01-01,,,,
2025-01-02,1.97,2.23,2.34,2.27
2025-01-03,2.01,2.26,2.34,2.28
2025-01-06,2.02,2.28,2.34,2.28
2025-01-07,2.02,2.29,2.38,2.32
2025-01-08,1.98,2.27,2.4,2.33
2025-01-09,2.0,2.29,2.39,2.32
2025-01-10,2.08,2.34,2.43,2.35
2025-01-13,2.06,2.34,2.45,2.35
2025-01-14,2.04,2.34,2.44,2.33
2025-01-15,1.93,2.24,2.42,2.32
2025-01-16,1.88,2.19,2.42,2.33
2025-01-17,1.9,2.2,2.41,2.3
2025-01-20,,,,
2025-01-21,1.93,2.19,2.38,2.29
2025-01-22,1.95,2.2,2.4,2.32
2025-01-23,1.93,2.23,2.42,2.32
2025-01-24,1.91,2.2,2.43,2.34
2025-01-27,1.83,2.13,2.4,2.31
2025-01-28,1.81,2.13,2.42,2.32
2025-01-29,1.83,2.15,2.4,2.28
2025-01-30,1.81,2.14,2.38,2.26
2025-01-31,1.82,2.16,2.42,2.3
2025-02-03,1.74,2.09,2.45,2.29
2025-02-04,1.72,2.08,2.44,2.29
2025-02-05,1.67,2.01,2.42,2.27
2025-02-06,1.71,2.03,2.42,2.27
2025-02-07,1.75,2.07,2.42,2.25
2025-02-10,1.74,2.07,2.44,2.28
2025-02-11,1.73,2.08,2.46,2.28
2025-02-12,1.82,2.16,2.46,2.26
2025-02-13,1.75,2.08,2.44,2.24
2025-02-14,1.71,2.04,2.43,2.24
2025-02-17,,,,
2025-02-18,1.75,2.1,2.45,2.25
2025-02-19,1.71,2.08,2.45,2.24
2025-02-20,1.68,2.05,2.45,2.24
2025-02-21,1.65,2.0,2.42,2.23
2025-02-24,1.62,1.98,2.42,2.23
2025-02-25,1.55,1.92,2.38,2.19
2025-02-26,1.52,1.89,2.36,2.18
2025-02-27,1.52,1.92,2.37,2.17
2025-02-28,1.45,1.86,2.38,2.18
2025-03-03,1.38,1.8,2.36,2.13
2025-03-04,1.42,1.87,2.35,2.11
2025-03-05,1.52,1.94,2.34,2.12
2025-03-06,1.53,1.95,2.34,2.15
2025-03-07,1.57,1.99,2.33,2.14
2025-03-10,1.49,1.91,2.31,2.13
2025-03-11,1.53,1.97,2.31,2.12
2025-03-12,1.56,1.99,2.33,2.13
2025-03-13,1.54,1.98,2.29,2.1
2025-03-14,1.61,2.01,2.3,2.12
2025-03-17,1.63,2.02,2.29,2.1
2025-03-18,1.61,1.99,2.3,2.14
2025-03-19,1.53,1.94,2.31,2.12
2025-03-20,1.5,1.93,2.31,2.11
2025-03-21,1.49,1.92,2.33,2.15
2025-03-24,1.55,1.98,2.36,2.18
2025-03-25,1.51,1.96,2.35,2.14
2025-03-26,1.52,1.98,2.37,2.18
2025-03-27,1.49,1.99,2.39,2.18
2025-03-28,1.4,1.9,2.37,2.16
2025-03-31,1.35,1.85,2.38,2.15
2025-04-01,1.37,1.84,2.33,2.12
2025-04-02,1.44,1.88,2.32,2.13
2025-04-03,1.25,1.78,2.28,2.06
2025-04-04,1.38,1.83,2.18,2.02
2025-04-07,1.51,1.96,2.19,2.07
2025-04-08,1.53,2.04,2.22,2.09
2025-04-09,1.61,2.07,2.27,2.09
2025-04-10,1.72,2.21,2.19,2.06
2025-04-11,1.82,2.28,2.2,2.07
2025-04-14,1.67,2.15,2.23,2.11
2025-04-15,1.67,2.16,2.19,2.07
2025-04-16,1.62,2.12,2.17,2.05
2025-04-17,1.69,2.11,2.23,2.2
2025-04-18,,,,
2025-04-21,1.72,2.2,2.22,2.19
2025-04-22,1.68,2.14,2.27,2.24
2025-04-23,1.67,2.11,2.29,2.25
2025-04-24,1.56,2.02,2.3,2.25
2025-04-25,1.56,2.02,2.27,2.22
2025-04-28,1.49,1.98,2.25,2.18
2025-04-29,1.48,1.96,2.23,2.17
2025-04-30,1.43,1.94,2.23,2.17
2025-05-01,1.51,2.0,2.25,2.2
2025-05-02,1.61,2.06,2.27,2.23
2025-05-05,1.62,2.08,2.28,2.23
2025-05-06,1.56,2.04,2.26,2.18
2025-05-07,1.54,2.01,2.25,2.17
2025-05-08,1.61,2.08,2.29,2.19
2025-05-09,1.61,2.08,2.29,2.19
2025-05-12,1.74,2.16,2.29,2.23
2025-05-13,1.74,2.17,2.32,2.26
2025-05-14,1.73,2.16,2.37,2.3
2025-05-15,1.66,2.11,2.34,2.27
2025-05-16,1.64,2.09,2.34,2.26
2025-05-19,1.64,2.1,2.36,2.29
2025-05-20,1.65,2.13,2.35,2.28
2025-05-21,1.72,2.23,2.35,2.27
2025-05-22,1.69,2.2,2.34,2.26
2025-05-23,1.68,2.18,2.33,2.26
2025-05-26,,,,
2025-05-27,1.63,2.11,2.32,2.23
2025-05-28,1.66,2.15,2.32,2.25
2025-05-29,1.62,2.11,2.32,2.26
2025-05-30,1.57,2.07,2.34,2.29
2025-06-02,1.63,2.13,2.33,2.28
2025-06-03,1.66,2.14,2.32,2.26
2025-06-04,1.61,2.06,2.31,2.3
2025-06-05,1.68,2.11,2.29,2.27
2025-06-06,1.78,2.2,2.31,2.27
2025-06-09,1.75,2.18,2.31,2.28
2025-06-10,1.76,2.18,2.29,2.26
2025-06-11,1.72,2.14,2.27,2.24
2025-06-12,1.69,2.11,2.25,2.22
2025-06-13,1.71,2.13,2.28,2.25
2025-06-16,1.72,2.16,2.3,2.28
2025-06-17,1.64,2.08,2.31,2.27
2025-06-18,1.62,2.07,2.31,2.26
2025-06-19,,,,
2025-06-20,1.59,2.05,2.33,2.29
2025-06-23,1.58,2.04,2.3,2.27
2025-06-24,1.56,2.01,2.29,2.28
2025-06-25,1.55,2.01,2.28,2.28
2025-06-26,1.5,1.98,2.28,2.27
2025-06-27,1.52,2.0,2.29,2.27
2025-06-30,1.48,1.95,2.29,2.27
2025-07-01,1.52,1.97,2.29,2.26
2025-07-02,1.53,2.0,2.3,2.26
2025-07-03,1.57,2.02,2.33,2.29
2025-07-04,,,,
2025-07-07,1.56,2.05,2.35,2.3
2025-07-08,1.6,2.07,2.35,2.31
2025-07-09,1.54,2.01,2.33,2.28
2025-07-10,1.54,2.01,2.34,2.29
2025-07-11,1.55,2.06,2.37,2.3
2025-07-14,1.53,2.04,2.39,2.33
2025-07-15,1.57,2.09,2.41,2.34
2025-07-16,1.5,2.05,2.41,2.33
2025-07-17,1.48,2.04,2.43,2.33
2025-07-18,1.46,2.03,2.41,2.32
2025-07-21,1.42,1.98,2.4,2.31
2025-07-22,1.41,1.96,2.39,2.31
2025-07-23,1.5,2.03,2.37,2.3
2025-07-24,1.48,1.98,2.45,2.4
2025-07-25,1.48,1.96,2.44,2.41
2025-07-28,1.49,1.98,2.44,2.41
2025-07-29,1.42,1.91,2.43,2.38
2025-07-30,1.48,1.96,2.42,2.36
2025-07-31,1.5,1.98,2.39,2.32
2025-08-01,1.39,1.9,2.33,2.28
2025-08-04,1.34,1.85,2.37,2.33
2025-08-05,1.36,1.86,2.36,2.31
2025-08-06,1.37,1.88,2.34,2.28
2025-08-07,1.38,1.88,2.35,2.29
2025-08-08,1.38,1.88,2.39,2.32
2025-08-11,1.37,1.87,2.4,2.34
2025-08-12,1.4,1.91,2.38,2.33
2025-08-13,1.35,1.87,2.37,2.32
2025-08-14,1.39,1.9,2.39,2.35
2025-08-15,1.43,1.95,2.38,2.34
2025-08-18,1.44,1.96,2.38,2.34
2025-08-19,1.43,1.95,2.35,2.31
2025-08-20,1.41,1.94,2.35,2.3
2025-08-21,1.42,1.94,2.39,2.34
2025-08-22,1.28,1.85,2.41,2.34
2025-08-25,1.31,1.87,2.41,2.33
2025-08-26,1.25,1.84,2.42,2.34
2025-08-27,1.19,1.81,2.43,2.36
2025-08-28,1.2,1.81,2.41,2.33
2025-08-29,1.21,1.82,2.41,2.35
2025-09-01,,,,
2025-09-02,1.26,1.87,2.41,2.34
2025-09-03,1.23,1.82,2.4,2.34
2025-09-04,1.21,1.79,2.38,2.32
2025-09-05,1.17,1.73,2.37,2.32
2025-09-08,1.16,1.7,2.35,2.29
2025-09-09,1.18,1.72,2.36,2.29
2025-09-10,1.18,1.69,2.35,2.29
2025-09-11,1.18,1.67,2.34,2.27
2025-09-12,1.21,1.7,2.36,2.3
2025-09-15,1.2,1.68,2.37,2.33
2025-09-16,1.17,1.67,2.37,2.32
2025-09-17,1.19,1.68,2.38,2.33
2025-09-18,1.23,1.73,2.38,2.32
2025-09-19,1.25,1.75,2.39,2.35
2025-09-22,1.29,1.78,2.37,2.32
2025-09-23,1.26,1.75,2.37,2.32
2025-09-24,1.28,1.78,2.38,2.34
2025-09-25,1.33,1.8,2.38,2.34
2025-09-26,1.34,1.82,2.38,2.34
2025-09-29,1.33,1.8,2.35,2.29
2025-09-30,1.32,1.8,2.36,2.3
2025-10-01,1.29,1.77,2.35,2.31
2025-10-02,1.3,1.76,2.34,2.31
2025-10-03,1.34,1.8,2.33,2.28
2025-10-06,1.37,1.84,2.34,2.3
2025-10-07,1.32,1.79,2.35,2.31
2025-10-08,1.33,1.78,2.35,2.31
2025-10-09,1.35,1.8,2.34,2.29
2025-10-10,1.3,1.75,2.3,2.25
2025-10-13,,,,
2025-10-14,1.27,1.73,2.3,2.27
2025-10-15,1.3,1.76,2.29,2.25
2025-10-16,1.26,1.71,2.28,2.27
2025-10-17,1.3,1.75,2.27,2.25
2025-10-20,1.3,1.74,2.26,2.24
2025-10-21,1.26,1.7,2.28,2.26
2025-10-22,1.24,1.68,2.29,2.26
2025-10-23,1.19,1.71,2.3,2.18
2025-10-24,1.21,1.73,2.29,2.18
2025-10-27,1.24,1.73,2.28,2.19
2025-10-28,1.24,1.71,2.28,2.2
2025-10-29,1.33,1.78,2.3,2.23
2025-10-30,1.34,1.82,2.29,2.2
2025-10-31,1.31,1.81,2.3,2.2
2025-11-03,1.31,1.82,2.31,2.21
2025-11-04,1.31,1.81,2.29,2.2
2025-11-05,1.37,1.87,2.3,2.21
2025-11-06,1.32,1.83,2.28,2.19
2025-11-07,1.31,1.83,2.28,2.2
2025-11-10,1.34,1.84,2.29,2.2
2025-11-11,,,,
2025-11-12,1.31,1.81,2.27,2.17
2025-11-13,1.34,1.83,2.28,2.19
2025-11-14,1.36,1.86,2.28,2.18
2025-11-17,1.35,1.85,2.28,2.19
2025-11-18,1.34,1.85,2.27,2.18
2025-11-19,1.35,1.86,2.27,2.18
2025-11-20,1.34,1.86,2.24,2.14
2025-11-21,1.3,1.82,2.24,2.16
2025-11-24,1.31,1.81,2.23,2.16
2025-11-25,1.28,1.79,2.22,2.17
2025-11-26,1.27,1.77,2.23,2.17
2025-11-27,,,,
2025-11-28,1.3,1.79,2.23,2.17
2025-12-01,1.36,1.85,2.24,2.17
2025-12-02,1.36,1.85,2.24,2.18
2025-12-03,1.33,1.82,2.24,2.19
2025-12-04,1.35,1.85,2.26,2.19
2025-12-05,1.38,1.88,2.26,2.18
2025-12-08,1.43,1.91,2.26,2.2
2025-12-09,1.46,1.92,2.26,2.2
2025-12-10,1.4,1.88,2.25,2.18
2025-12-11,1.4,1.89,2.25,2.18
2025-12-12,1.43,1.93,2.26,2.2
2025-12-15,1.44,1.93,2.25,2.21
2025-12-16,1.44,1.92,2.23,2.21
2025-12-17,1.44,1.92,2.24,2.22
2025-12-18,1.4,1.88,2.24,2.22
2025-12-19,1.43,1.92,2.24,2.21
2025-12-22,1.46,1.94,2.23,2.21
2025-12-23,1.48,1.94,2.24,2.24
2025-12-24,1.46,1.91,2.24,2.24
2025-12-25,,,,
2025-12-26,1.46,1.91,2.23,2.24
2025-12-29,1.44,1.9,2.22,2.21
2025-12-30,1.43,1.9,2.24,2.23
2025-12-31,1.47,1.93,2.25,2.24
2026-01-01,,,,
2026-01-02,1.46,1.94,2.25,2.22
2026-01-05,1.42,1.91,2.26,2.23
2026-01-06,1.42,1.91,2.27,2.24
2026-01-07,1.4,1.88,2.27,2.24
2026-01-08,1.43,1.92,2.27,2.23
2026-01-09,1.43,1.9,2.28,2.24
2026-01-12,1.41,1.9,2.29,2.22
2026-01-13,1.38,1.88,2.3,2.23
2026-01-14,1.36,1.86,2.29,2.22
2026-01-15,1.41,1.88,2.29,2.22
2026-01-16,1.43,1.91,2.33,2.27
2026-01-19,,,,
2026-01-20,1.46,1.97,2.33,2.26
2026-01-21,1.41,1.92,2.34,2.26
2026-01-22,1.43,1.95,2.31,2.2
2026-01-23,1.38,1.92,2.32,2.18
2026-01-26,1.37,1.9,2.32,2.19
2026-01-27,1.34,1.9,2.34,2.21
2026-01-28,1.33,1.9,2.36,2.22
2026-01-29,1.28,1.89,2.35,2.18
2026-01-30,1.26,1.9,2.36,2.19
2026-02-02,1.31,1.94,2.35,2.18
2026-02-03,1.3,1.92,2.36,2.19
2026-02-04,1.32,1.94,2.35,2.19
2026-02-05,1.26,1.89,2.32,2.16
2026-02-06,1.26,1.88,2.34,2.18
2026-02-09,1.25,1.87,2.35,2.2
2026-02-10,1.23,1.84,2.32,2.17
2026-02-11,1.26,1.86,2.32,2.15
2026-02-12,1.22,1.8,2.29,2.13
2026-02-13,1.19,1.77,2.27,2.12
2026-02-16,,,,
2026-02-17,1.24,1.79,2.26,2.13
2026-02-18,1.23,1.8,2.29,2.15
2026-02-19,1.22,1.79,2.29,2.15
2026-02-20,1.22,1.8,2.28,2.13
2026-02-23,1.19,1.77,2.26,2.12
2026-02-24,1.21,1.78,2.26,2.12
2026-02-25,1.19,1.77,2.28,2.14
2026-02-26,1.14,1.74,2.28,2.13
2026-02-27,1.11,1.72,2.25,2.1
2026-03-02,1.16,1.76,2.29,2.12
2026-03-03,1.17,1.77,2.29,2.12
2026-03-04,1.21,1.8,2.29,2.12
2026-03-05,1.21,1.82,2.31,2.11
2026-03-06,1.16,1.8,2.35,2.14
2026-03-09,1.15,1.78,2.34,2.12
2026-03-10,1.2,1.82,2.33,2.13
2026-03-11,1.21,1.85,2.36,2.14
2026-03-12,1.25,1.89,2.38,2.13
2026-03-13,1.26,1.92,2.36,2.11
2026-03-16,1.22,1.87,2.36,2.14
2026-03-17,1.17,1.83,2.37,2.12
2026-03-18,1.21,1.86,2.4,2.14
2026-03-19,1.27,1.88,2.37,2.13
2026-03-20,1.38,2.01,2.38,2.13
2026-03-23,1.42,2.01,2.33,2.13
2026-03-24,1.48,2.06,2.33,2.11
2026-03-25,1.45,2.02,2.31,2.11
2026-03-26,1.52,2.08,2.34,2.12
2026-03-27,1.5,2.13,2.31,2.06
2026-03-30,1.4,2.04,2.31,2.05
2026-03-31,1.38,2.0,2.3,2.06
2026-04-01,1.42,2.02,2.31,2.07
2026-04-02,1.37,1.97,2.34,2.11
2026-04-03,,,2.36,2.11
